Date,Open,High,Low,Close,Adj Close,Volume,Price Movement
1/2/2020,1518.099976,1528.699951,1518,1524.5,1524.5,214,Up
1/3/2020,1530.099976,1552.699951,1530.099976,1549.199951,1549.199951,107,Up
1/6/2020,1580,1580,1560.400024,1566.199951,1566.199951,416,Up
1/7/2020,1558.300049,1576.300049,1558.300049,1571.800049,1571.800049,47,Up
1/8/2020,1579.699951,1604.199951,1552.300049,1557.400024,1557.400024,236,Down
1/9/2020,1555.699951,1555.699951,1543.300049,1551.699951,1551.699951,54,Down
1/10/2020,1551.199951,1558.800049,1545.400024,1557.5,1557.5,16,Up
1/13/2020,1557.400024,1558,1548.400024,1548.400024,1548.400024,48,Down
1/14/2020,1546.699951,1546.699951,1534.900024,1542.400024,1542.400024,32,Down
1/15/2020,1548,1553.900024,1545.599976,1552.099976,1552.099976,11,Up
1/16/2020,1555.699951,1556.099976,1548.5,1549,1549,98,Down
1/17/2020,1554.099976,1558.800049,1553.599976,1558.800049,1558.800049,108,Up
1/21/2020,1559.300049,1566.199951,1551,1556.400024,1556.400024,45,Down
1/22/2020,1549.800049,1557.099976,1549.800049,1555.300049,1555.300049,42,Down
1/23/2020,1553.099976,1564.599976,1552.199951,1564.599976,1564.599976,15,Up
1/24/2020,1556.300049,1571.099976,1556.300049,1571.099976,1571.099976,43,Up
1/27/2020,1584.300049,1584.5,1576.800049,1576.800049,1576.800049,22,Up
1/28/2020,1576.400024,1576.400024,1569.199951,1569.199951,1569.199951,3,Down
1/29/2020,1569.800049,1569.800049,1569.800049,1569.800049,1569.800049,251274,Up
1/30/2020,1576.800049,1585,1571.400024,1583.5,1583.5,62336,Up
1/31/2020,1573.400024,1589,1570,1582.900024,1582.900024,1095,Down
2/3/2020,1592.900024,1593.300049,1568.199951,1577.199951,1577.199951,1062,Down
2/4/2020,1577.699951,1577.699951,1547.800049,1550.400024,1550.400024,978,Down
2/5/2020,1553.199951,1560.699951,1547.699951,1557.800049,1557.800049,1305,Up
2/6/2020,1553.599976,1565.599976,1551.599976,1565.099976,1565.099976,110,Up
2/7/2020,1564.900024,1571.900024,1560.5,1568.599976,1568.599976,431,Up
2/10/2020,1569.300049,1574.699951,1568.599976,1574.699951,1574.699951,128,Up
2/11/2020,1570.900024,1571.099976,1561.900024,1565.599976,1565.599976,440,Down
2/12/2020,1565.199951,1568.699951,1561,1567.400024,1567.400024,36,Up
2/13/2020,1570.199951,1575.099976,1570.199951,1575.099976,1575.099976,74,Up
2/14/2020,1575.800049,1582.699951,1574.800049,1582.699951,1582.699951,68,Up
2/18/2020,1579.800049,1604.300049,1579.800049,1600,1600,310,Up
2/19/2020,1600.599976,1610.5,1599.699951,1607.5,1607.5,542,Up
2/20/2020,1606.5,1621,1603,1616.599976,1616.599976,117,Up
2/21/2020,1619.300049,1645,1619.300049,1644.599976,1644.599976,186,Up
2/24/2020,1657,1686.599976,1650,1672.400024,1672.400024,435,Up
2/25/2020,1645.099976,1653.699951,1632.300049,1646.900024,1646.900024,409,Down
2/26/2020,1644,1648.099976,1636.400024,1640,1640,1990,Down
2/28/2020,1640.300049,1642.5,1564.099976,1564.099976,1564.099976,289,Down
3/2/2020,1583.900024,1608.300049,1574.300049,1592.300049,1592.300049,537,Up
3/3/2020,1594.5,1645.300049,1594,1642.099976,1642.099976,610,Up
3/4/2020,1645.400024,1645.900024,1631.300049,1641.099976,1641.099976,83,Down
3/5/2020,1637.300049,1672.900024,1637.199951,1666.400024,1666.400024,154,Up
3/6/2020,1670.800049,1686.199951,1647.199951,1670.800049,1670.800049,175,Up
3/9/2020,1696.099976,1701.599976,1657.699951,1674.5,1674.5,161,Up
3/10/2020,1671.599976,1674.599976,1643,1659.099976,1659.099976,48,Down
3/11/2020,1656.599976,1666.5,1635,1641.400024,1641.400024,47,Down
3/12/2020,1637,1647.5,1566.400024,1589.300049,1589.300049,256,Down
3/13/2020,1574.900024,1589.800049,1513.800049,1515.699951,1515.699951,89,Down
3/16/2020,1569.099976,1569.099976,1452.099976,1485.900024,1485.900024,193,Down
3/17/2020,1469.300049,1537.699951,1469.300049,1524.900024,1524.900024,122,Up
3/18/2020,1537.5,1542,1477.300049,1477.300049,1477.300049,333,Down
3/19/2020,1481.5,1491.599976,1471,1478.599976,1478.599976,262,Up
3/20/2020,1483.5,1484,1483.5,1484,1484,14,Up
3/23/2020,1505.300049,1567,1490.199951,1567,1567,51,Up
3/24/2020,1592.699951,1685.5,1592.699951,1660.199951,1660.199951,442,Up
3/25/2020,1676.5,1676.5,1631.099976,1632.300049,1632.300049,476,Down
3/26/2020,1660.5,1660.5,1650.099976,1650.099976,1650.099976,3,Up
3/27/2020,1623.900024,1623.900024,1623.900024,1623.900024,1623.900024,100638,Down
3/30/2020,1641.199951,1652.800049,1607.199951,1622,1622,16389,Down
3/31/2020,1618.699951,1621,1576,1583.400024,1583.400024,2874,Down
4/1/2020,1570,1600,1570,1578.199951,1578.199951,2158,Down
4/2/2020,1590.900024,1631.199951,1586,1625.699951,1625.699951,1294,Up
4/3/2020,1624.5,1636,1619.800049,1633.699951,1633.699951,643,Up
4/6/2020,1629.099976,1696.699951,1625.900024,1677,1677,1063,Up
4/7/2020,1695.699951,1724.400024,1658,1664.800049,1664.800049,1144,Down
4/8/2020,1669.699951,1677,1662.5,1665.400024,1665.400024,747,Up
4/9/2020,1662.699951,1736.199951,1662.699951,1736.199951,1736.199951,825,Up
4/13/2020,1722,1756.800049,1710.699951,1744.800049,1744.800049,696,Up
4/14/2020,1756.800049,1775,1739.5,1756.699951,1756.699951,675,Up
4/15/2020,1739.400024,1744.900024,1722.699951,1727.199951,1727.199951,642,Down
4/16/2020,1731,1750.599976,1715,1720.400024,1720.400024,162,Down
4/17/2020,1715.699951,1725,1684.900024,1689.199951,1689.199951,223,Down
4/20/2020,1686,1701.599976,1680,1701.599976,1701.599976,106,Up
4/21/2020,1697,1707.099976,1659.900024,1678.199951,1678.199951,666,Down
4/22/2020,1696,1728.699951,1684.800049,1728.699951,1728.699951,453,Up
4/23/2020,1734,1745.099976,1733.300049,1733.300049,1733.300049,482,Up
4/24/2020,1744,1744,1714.5,1723.5,1723.5,221,Down
4/27/2020,1731.900024,1731.900024,1711.900024,1711.900024,1711.900024,169,Down
4/28/2020,1716.599976,1716.599976,1707.099976,1710.5,1710.5,1255,Down
4/29/2020,1710,1713.5,1702,1703.400024,1703.400024,373,Down
4/30/2020,1719.300049,1719.300049,1680.800049,1684.199951,1684.199951,327,Down
5/1/2020,1686.599976,1701.5,1670.5,1694.5,1694.5,337,Up
5/4/2020,1702.599976,1709,1699.599976,1706.900024,1706.900024,320,Up
5/5/2020,1701.5,1704.400024,1697.199951,1704.400024,1704.400024,82,Down
5/6/2020,1704,1704,1684.199951,1684.199951,1684.199951,469,Down
5/7/2020,1686.199951,1721.800049,1685.599976,1721.800049,1721.800049,853,Up
5/8/2020,1726.199951,1728.900024,1703.800049,1709.900024,1709.900024,330,Down
5/11/2020,1702.300049,1704.5,1690.199951,1695.300049,1695.300049,749,Down
5/12/2020,1699.300049,1713.099976,1699.300049,1704.400024,1704.400024,324,Up
5/13/2020,1702,1721.300049,1701.900024,1713.900024,1713.900024,431,Up
5/14/2020,1724.300049,1743.099976,1720.5,1738.099976,1738.099976,672,Up
5/15/2020,1739.699951,1753.400024,1739.699951,1753.400024,1753.400024,719,Up
5/18/2020,1755.699951,1770.5,1731.800049,1731.800049,1731.800049,229,Down
5/19/2020,1744.199951,1749.5,1744.199951,1744.199951,1744.199951,167,Up
5/20/2020,1751.599976,1752.099976,1745.599976,1750.599976,1750.599976,16,Up
5/21/2020,1746.800049,1746.800049,1720.5,1720.5,1720.5,528,Down
5/22/2020,1726.599976,1734.599976,1726.599976,1734.599976,1734.599976,6,Up
5/26/2020,1726.400024,1726.400024,1704.800049,1704.800049,1704.800049,39,Down
5/27/2020,1685.599976,1710.300049,1685.599976,1710.300049,1710.300049,137416,Up
5/28/2020,1709.300049,1727.800049,1705,1713.300049,1713.300049,23355,Up
5/29/2020,1718.800049,1738.300049,1715.099976,1736.900024,1736.900024,1526,Up
6/1/2020,1740.400024,1747,1727.099976,1737.800049,1737.800049,871,Up
6/2/2020,1743,1745.5,1721.800049,1725.199951,1725.199951,741,Down
6/3/2020,1726.300049,1726.300049,1684.5,1697.800049,1697.800049,2755,Down
6/4/2020,1694.5,1718.900024,1694.5,1718.900024,1718.900024,807,Up
6/5/2020,1711.800049,1711.800049,1668.599976,1676.199951,1676.199951,1502,Down
6/8/2020,1679.099976,1699.400024,1675.900024,1698.300049,1698.300049,587,Up
6/9/2020,1694.599976,1720.900024,1692,1714.699951,1714.699951,690,Up
6/10/2020,1716.099976,1740.800049,1711.900024,1713.300049,1713.300049,718,Down
6/11/2020,1737.199951,1744.099976,1720,1732,1732,347,Up
6/12/2020,1724.900024,1743,1724.900024,1729.300049,1729.300049,318,Down
6/15/2020,1730,1730,1703.300049,1720.300049,1720.300049,188,Down
6/16/2020,1726.300049,1729.599976,1722.400024,1729.599976,1729.599976,22,Up
6/17/2020,1714.699951,1729.199951,1714.699951,1729.199951,1729.199951,51,Down
6/18/2020,1730.5,1734.099976,1717.300049,1724.800049,1724.800049,110,Down
6/19/2020,1723.699951,1750.699951,1723.5,1745.900024,1745.900024,1329,Up
6/22/2020,1755.199951,1767.599976,1750.5,1756.699951,1756.699951,1356,Up
6/23/2020,1755.400024,1776.300049,1754.199951,1772.099976,1772.099976,666,Up
6/24/2020,1778.300049,1783.099976,1764.5,1765.800049,1765.800049,961,Down
6/25/2020,1761.699951,1764.800049,1759.800049,1762.099976,1762.099976,207,Down
6/26/2020,1766,1772.5,1764.699951,1772.5,1772.5,640,Up
6/29/2020,1779.800049,1780.199951,1774.300049,1774.800049,1774.800049,584,Up
6/30/2020,1777.300049,1793.199951,1774.400024,1793,1793,986,Up
7/1/2020,1793.599976,1798,1765.800049,1773.199951,1773.199951,331,Down
7/2/2020,1773.400024,1784,1768.699951,1784,1784,215,Up
7/6/2020,1788.199951,1790.099976,1788.199951,1788.5,1788.5,172,Up
7/7/2020,1789.300049,1804.199951,1783.300049,1804.199951,1804.199951,751,Up
7/8/2020,1801.5,1817.900024,1801.5,1815.5,1815.5,209,Up
7/9/2020,1816.099976,1819.800049,1799.199951,1799.199951,1799.199951,396,Down
7/10/2020,1805.5,1805.5,1797.699951,1798.199951,1798.199951,236,Down
7/13/2020,1805,1811,1805,1811,1811,164,Up
7/14/2020,1791,1811.5,1791,1810.599976,1810.599976,339,Down
7/15/2020,1806.099976,1813.5,1806.099976,1811.400024,1811.400024,167,Up
7/16/2020,1810.900024,1810.900024,1794.300049,1798.699951,1798.699951,146,Down
7/17/2020,1798.5,1810.099976,1798.5,1808.300049,1808.300049,24,Up
7/20/2020,1807,1817.300049,1807,1815.900024,1815.900024,89,Up
7/21/2020,1822,1842.400024,1822,1842.400024,1842.400024,117,Up
7/22/2020,1858.099976,1867,1854.699951,1864.099976,1864.099976,213,Up
7/23/2020,1868.699951,1890.300049,1868.5,1889.099976,1889.099976,133,Up
7/24/2020,1884.300049,1897.300049,1884.300049,1897.300049,1897.300049,474,Up
7/27/2020,1901.699951,1938,1901.5,1931,1931,364,Up
7/28/2020,1931.5,1944.699951,1928.599976,1944.699951,1944.699951,825,Up
7/29/2020,1953.199951,1953.5,1952.599976,1953.5,1953.5,209835,Up
7/30/2020,1963.400024,1965.099976,1930,1942.300049,1942.300049,28853,Down
7/31/2020,1948.599976,1981.099976,1948,1962.800049,1962.800049,2914,Up
8/3/2020,1984.300049,1984.300049,1955.5,1966,1966,683,Up
8/4/2020,1971,2016.199951,1968.800049,2001.199951,2001.199951,2010,Up
8/5/2020,2024,2050.199951,2011,2031.099976,2031.099976,1422,Up
8/6/2020,2045.5,2063,2040,2051.5,2051.5,294,Up
8/7/2020,2040.099976,2055,2009.599976,2010.099976,2010.099976,808,Down
8/10/2020,2026.400024,2043.800049,2017.5,2024.400024,2024.400024,233,Up
8/11/2020,2012.400024,2016,1904,1932.599976,1932.599976,971,Down
8/12/2020,1923,1946.599976,1871.599976,1934.900024,1934.900024,404,Up
8/13/2020,1921.5,1957.400024,1916.900024,1956.699951,1956.699951,71,Up
8/14/2020,1938.699951,1947.400024,1937,1937,1937,201,Down
8/17/2020,1949.599976,1985,1949.599976,1985,1985,97,Up
8/18/2020,2001.099976,2002.800049,1972.099976,1999.400024,1999.400024,92,Up
8/19/2020,1980,1980,1938.699951,1958.699951,1958.699951,347,Down
8/20/2020,1941.199951,1948.300049,1922.300049,1933.800049,1933.800049,106,Down
8/21/2020,1941,1945,1908.900024,1934.599976,1934.599976,184,Up
8/24/2020,1930.199951,1940,1922.199951,1927.699951,1927.699951,85,Down
8/25/2020,1927.5,1928.5,1911.800049,1911.800049,1911.800049,176,Down
8/26/2020,1909.699951,1950.800049,1909.699951,1940.699951,1940.699951,287,Up
8/27/2020,1948.900024,1972.5,1921.599976,1921.599976,1921.599976,2303,Down
8/28/2020,1927.099976,1971.300049,1922.5,1964.599976,1964.599976,778,Up
8/31/2020,1970,1971.300049,1953.300049,1967.599976,1967.599976,158,Up
9/1/2020,1961.699951,1986.300049,1961.699951,1968.199951,1968.199951,186,Up
9/2/2020,1967.300049,1967.300049,1934.400024,1934.400024,1934.400024,71,Down
9/3/2020,1937.099976,1938.800049,1923,1927.599976,1927.599976,179,Down
9/4/2020,1927.900024,1939.699951,1917.699951,1923.900024,1923.900024,607,Down
9/8/2020,1930.900024,1937.900024,1903.099976,1933,1933,271,Up
9/9/2020,1926.900024,1946.199951,1924.599976,1944.699951,1944.699951,219,Up
9/10/2020,1944.099976,1962.699951,1944.099976,1954.199951,1954.199951,722,Up
9/11/2020,1944,1949.5,1937.800049,1937.800049,1937.800049,73,Down
9/14/2020,1946.300049,1953.099976,1943,1953.099976,1953.099976,55,Up
9/15/2020,1955.800049,1968.5,1955.800049,1956.300049,1956.300049,74,Up
9/16/2020,1961.300049,1961.400024,1956.699951,1960.199951,1960.199951,124,Up
9/17/2020,1939,1946,1933.699951,1940,1940,67,Down
9/18/2020,1950.5,1952.099976,1949,1952.099976,1952.099976,38,Up
9/21/2020,1946.199951,1946.199951,1883.400024,1901.199951,1901.199951,52,Down
9/22/2020,1913.099976,1913.099976,1898.599976,1898.599976,1898.599976,331,Down
9/23/2020,1875.5,1875.5,1859.900024,1859.900024,1859.900024,5,Down
9/24/2020,1851.5,1868.300049,1851.5,1868.300049,1868.300049,365,Up
9/25/2020,1856.300049,1857.699951,1856.300049,1857.699951,1857.699951,4,Down
9/28/2020,1872.800049,1872.800049,1872.800049,1872.800049,1872.800049,10455,Up
9/29/2020,1876.5,1895.400024,1872.400024,1894.300049,1894.300049,3283,Up
9/30/2020,1893,1899.699951,1879.800049,1887.5,1887.5,600,Down
10/1/2020,1884.099976,1909.599976,1882.5,1908.400024,1908.400024,730,Up
10/2/2020,1893.900024,1913,1893.900024,1900.199951,1900.199951,530,Down
10/5/2020,1898.900024,1915.599976,1884.699951,1912.5,1912.5,1360,Up
10/6/2020,1906.599976,1918,1874.400024,1901.099976,1901.099976,968,Down
10/7/2020,1874.099976,1889.800049,1873.099976,1883.599976,1883.599976,50,Down
10/8/2020,1893,1893,1882.699951,1888.599976,1888.599976,348,Up
10/9/2020,1909.300049,1929.099976,1905.099976,1919.5,1919.5,580,Up
10/12/2020,1924,1926.5,1921.599976,1922.5,1922.5,96,Up
10/13/2020,1921.900024,1922.199951,1887,1888.5,1888.5,191,Down
10/14/2020,1889.699951,1910.800049,1882.5,1901.300049,1901.300049,33,Up
10/15/2020,1897.300049,1906.300049,1889.599976,1903.199951,1903.199951,254,Up
10/16/2020,1898.5,1900.800049,1898.5,1900.800049,1900.800049,53,Down
10/19/2020,1907.300049,1907.800049,1899.5,1906.400024,1906.400024,43,Up
10/20/2020,1901.300049,1910.400024,1896.099976,1910.400024,1910.400024,329,Up
10/21/2020,1913.599976,1927.300049,1913.599976,1924.599976,1924.599976,1202,Up
10/22/2020,1924.300049,1924.300049,1898.199951,1901.099976,1901.099976,899,Down
10/23/2020,1899.900024,1913.300049,1896.199951,1902,1902,287,Up
10/26/2020,1895.5,1907,1893.5,1902.699951,1902.699951,242,Up
10/27/2020,1904.599976,1908.800049,1904.400024,1908.800049,1908.800049,176,Up
10/28/2020,1870.900024,1876.199951,1870.900024,1876.199951,1876.199951,277,Down
10/29/2020,1876.099976,1879.800049,1858.800049,1865.599976,1865.599976,240,Down
10/30/2020,1862.800049,1886.599976,1862.800049,1877.400024,1877.400024,725,Up
11/2/2020,1872.900024,1894.699951,1872.900024,1890.400024,1890.400024,190,Up
11/3/2020,1891.5,1908.5,1891.5,1908.5,1908.5,712,Up
11/4/2020,1893.800049,1907,1885.300049,1894.599976,1894.599976,782,Down
11/5/2020,1901.699951,1948,1901.699951,1945.300049,1945.300049,135,Up
11/6/2020,1940.800049,1958.800049,1940.800049,1950.300049,1950.300049,304,Up
11/9/2020,1955.599976,1963.199951,1847.099976,1853.199951,1853.199951,745,Down
11/10/2020,1879.300049,1885.300049,1871.199951,1875.400024,1875.400024,276,Up
11/11/2020,1878.800049,1878.800049,1855.5,1860.699951,1860.699951,222,Down
11/12/2020,1869,1878.5,1866.599976,1872.599976,1872.599976,220,Up
11/13/2020,1877,1890.099976,1876.800049,1885.699951,1885.699951,240,Up
11/16/2020,1874.599976,1887.300049,1871,1887.300049,1887.300049,6,Up
11/17/2020,1888.400024,1888.400024,1884.5,1884.5,1884.5,59,Down
11/18/2020,1873.5,1873.5,1873.5,1873.5,1873.5,152,Down
11/19/2020,1865.800049,1865.800049,1856,1861.099976,1861.099976,59,Down
11/20/2020,1871.199951,1872.599976,1871.199951,1872.599976,1872.599976,1900,Up
11/23/2020,1834.800049,1837.800049,1829.199951,1837.800049,1837.800049,843,Down
11/24/2020,1829.300049,1829.300049,1799.300049,1804.800049,1804.800049,1041,Down
11/25/2020,1801.400024,1805.699951,1801.400024,1805.699951,1805.699951,205754,Up
11/27/2020,1806.099976,1817,1770.699951,1781.900024,1781.900024,71804,Down
11/30/2020,1785,1787.199951,1762.300049,1775.699951,1775.699951,3145,Down
12/1/2020,1775,1815.900024,1774.900024,1814.099976,1814.099976,1859,Up
12/2/2020,1811.300049,1830,1807.800049,1825.699951,1825.699951,771,Up
12/3/2020,1829.199951,1842,1825.300049,1836.800049,1836.800049,1765,Up
12/4/2020,1840.699951,1847.599976,1828.199951,1835.900024,1835.900024,1213,Down
12/7/2020,1836.5,1866.900024,1820.800049,1861.800049,1861.800049,1427,Up
12/8/2020,1863,1875.800049,1861.800049,1870.800049,1870.800049,121,Up
12/9/2020,1867.099976,1867.099976,1827,1834.599976,1834.599976,215,Down
12/10/2020,1833.199951,1849.099976,1828,1833.599976,1833.599976,177,Down
12/11/2020,1838.5,1846,1829.099976,1839.800049,1839.800049,109,Up
12/14/2020,1835.5,1835.699951,1822.699951,1828.699951,1828.699951,258,Down
12/15/2020,1833.5,1853.599976,1833.199951,1852.300049,1852.300049,961,Up
12/16/2020,1856.5,1864.699951,1850.5,1856.099976,1856.099976,1090,Up
12/17/2020,1874.199951,1896.199951,1874.199951,1887.199951,1887.199951,414,Up
12/18/2020,1882.400024,1889.5,1882.300049,1885.699951,1885.699951,276,Down
12/21/2020,1884.800049,1908,1869.099976,1879.199951,1879.199951,136,Down
12/22/2020,1882.199951,1882.199951,1861,1866.599976,1866.599976,233,Down
12/23/2020,1867,1878.800049,1864.5,1874.699951,1874.699951,82,Up
12/24/2020,1877.300049,1879.900024,1875.699951,1879.900024,1879.900024,46,Up
12/28/2020,1895.5,1895.800049,1873.699951,1877.199951,1877.199951,75,Down
12/29/2020,1881.300049,1881.300049,1879.699951,1879.699951,1879.699951,343,Up
12/30/2020,1879.900024,1895.800049,1877.300049,1891,1891,444,Up
12/31/2020,1897,1901.300049,1892.699951,1893.099976,1893.099976,127,Up
1/4/2021,1912.199951,1945.099976,1912.199951,1944.699951,1944.699951,154,Up
1/5/2021,1941.699951,1952.699951,1941.300049,1952.699951,1952.699951,113,Up
1/6/2021,1952,1959.900024,1901.5,1906.900024,1906.900024,331,Down
1/7/2021,1922.599976,1926.699951,1912,1912.300049,1912.300049,122,Up
1/8/2021,1908,1908,1834.099976,1834.099976,1834.099976,60,Down
1/11/2021,1826.5,1849.599976,1826.5,1849.599976,1849.599976,20,Up
1/12/2021,1849,1859.699951,1839.400024,1842.900024,1842.900024,176,Down
1/13/2021,1858,1858.599976,1853.599976,1853.599976,1853.599976,189,Up
1/14/2021,1836.699951,1850.699951,1836.699951,1850.300049,1850.300049,149,Down
1/15/2021,1829.400024,1829.400024,1825,1829.300049,1829.300049,31,Down
1/19/2021,1802,1842.900024,1802,1839.5,1839.5,13,Up
1/20/2021,1847.800049,1866.599976,1844.400024,1865.900024,1865.900024,16,Up
1/21/2021,1865.300049,1868,1865.300049,1865.300049,1865.300049,6,Down
1/22/2021,1854.900024,1855.699951,1852.699951,1855.699951,1855.699951,8,Down
1/25/2021,1864.699951,1864.699951,1851.800049,1854.900024,1854.900024,26,Down
1/26/2021,1855.800049,1855.800049,1850.699951,1850.699951,1850.699951,59,Down
1/27/2021,1844.900024,1844.900024,1844.900024,1844.900024,1844.900024,195540,Down
1/28/2021,1843.400024,1862.900024,1831.5,1837.900024,1837.900024,27283,Down
1/29/2021,1842,1876,1838.699951,1847.300049,1847.300049,1634,Up
2/1/2021,1866.599976,1871.900024,1850,1860.800049,1860.800049,1494,Up
2/2/2021,1859.599976,1861.300049,1827.599976,1830.5,1830.5,1293,Down
2/3/2021,1834.800049,1842.400024,1829.800049,1832.199951,1832.199951,1195,Up
2/4/2021,1832.199951,1832.199951,1782.800049,1788.900024,1788.900024,2375,Down
2/5/2021,1794.300049,1813.5,1790.900024,1810.900024,1810.900024,1278,Up
2/8/2021,1816.300049,1836.699951,1809,1831.900024,1831.900024,254,Up
2/9/2021,1841.900024,1843.300049,1830.699951,1835.300049,1835.300049,184,Up
2/10/2021,1842.599976,1851.099976,1837,1840.599976,1840.599976,543,Up
2/11/2021,1840.5,1845,1820.900024,1824.900024,1824.900024,602,Down
2/12/2021,1825,1827.5,1809.199951,1821.599976,1821.599976,259,Down
2/16/2021,1820.900024,1823.400024,1787.300049,1797.199951,1797.199951,1141,Down
2/17/2021,1785.800049,1789.699951,1768.800049,1771.099976,1771.099976,614,Down
2/18/2021,1776.099976,1784.599976,1766,1773.400024,1773.400024,587,Up
2/19/2021,1764.300049,1787.599976,1764.300049,1775.800049,1775.800049,118,Up
2/22/2021,1784,1807.800049,1784,1806.699951,1806.699951,165,Up
2/23/2021,1809.599976,1811.300049,1796.400024,1804.400024,1804.400024,569,Down
2/24/2021,1805.800049,1805.800049,1796.400024,1796.400024,1796.400024,1500,Down
2/25/2021,1801.5,1802,1766.699951,1774.400024,1774.400024,1049,Down
2/26/2021,1768.099976,1768.199951,1718.800049,1728.099976,1728.099976,1593,Down
3/1/2021,1737.099976,1747,1720.300049,1722.5,1722.5,407,Down
3/2/2021,1709.400024,1733.099976,1708.699951,1733.099976,1733.099976,867,Up
3/3/2021,1730,1732.400024,1703.5,1715.300049,1715.300049,501,Down
3/4/2021,1706.5,1717.400024,1700.199951,1700.199951,1700.199951,521,Down
3/5/2021,1690.599976,1701,1685,1698,1698,302,Down
3/8/2021,1704.699951,1705.400024,1673.699951,1677.699951,1677.699951,1290,Down
3/9/2021,1686.199951,1717.5,1685.199951,1716.599976,1716.599976,335,Up
3/10/2021,1713.599976,1722.900024,1711,1721.5,1721.5,412,Up
3/11/2021,1725.599976,1737.5,1720.199951,1722.300049,1722.300049,18,Up
3/12/2021,1715.900024,1722.5,1699,1719.5,1719.5,80,Down
3/15/2021,1729.5,1731.900024,1722.800049,1728.900024,1728.900024,147,Up
3/16/2021,1732.300049,1733.900024,1726,1730.599976,1730.599976,729,Up
3/17/2021,1735.300049,1750.099976,1725.599976,1726.800049,1726.800049,488,Down
3/18/2021,1745.800049,1750.300049,1721.800049,1732.199951,1732.199951,138,Up
3/19/2021,1742.199951,1742.199951,1733.599976,1741.400024,1741.400024,13,Up
3/22/2021,1737.800049,1737.800049,1737.800049,1737.800049,1737.800049,51,Down
3/23/2021,1724.699951,1724.699951,1724.699951,1724.699951,1724.699951,6,Down
3/24/2021,1727.5,1732.900024,1727.5,1732.900024,1732.900024,26,Up
3/25/2021,1732.699951,1733.199951,1724.5,1724.900024,1724.900024,15,Down
3/26/2021,1721.300049,1732.199951,1721.300049,1732.199951,1732.199951,33,Up
3/29/2021,1712.099976,1712.099976,1712.099976,1712.099976,1712.099976,135457,Down
3/30/2021,1711,1712.599976,1676.5,1683.900024,1683.900024,25316,Down
3/31/2021,1683.699951,1713.800049,1676.5,1713.800049,1713.800049,762,Up
4/1/2021,1706.800049,1728.800049,1706.400024,1726.5,1726.5,720,Up
4/5/2021,1727.900024,1729.699951,1721.900024,1727,1727,275,Up
4/6/2021,1726.900024,1744.800049,1726.900024,1741.5,1741.5,890,Up
4/7/2021,1742.699951,1742.699951,1733.699951,1740.099976,1740.099976,557,Down
4/8/2021,1736,1758,1734.599976,1756.800049,1756.800049,1298,Up
4/9/2021,1750.800049,1750.800049,1733.300049,1743.300049,1743.300049,484,Down
4/12/2021,1740.800049,1740.800049,1726.699951,1731.199951,1731.199951,40,Down
4/13/2021,1733.800049,1746.900024,1722.099976,1746.199951,1746.199951,367,Up
4/14/2021,1741.300049,1745.900024,1732.699951,1734.900024,1734.900024,1037,Down
4/15/2021,1740.099976,1767.900024,1740.099976,1765.400024,1765.400024,368,Up
4/16/2021,1770.400024,1779.5,1770.099976,1779,1779,625,Up
4/19/2021,1782.099976,1788.5,1769.400024,1769.400024,1769.400024,144,Down
4/20/2021,1769.300049,1777.300049,1765.5,1777.300049,1777.300049,1464,Up
4/21/2021,1783,1794.099976,1777.699951,1792.300049,1792.300049,250,Up
4/22/2021,1794.199951,1794.199951,1779.5,1781.199951,1781.199951,159,Down
4/23/2021,1786.099976,1794.5,1772,1777,1777,332,Down
4/26/2021,1778,1779.699951,1770.800049,1779.199951,1779.199951,549,Up
4/27/2021,1780,1782,1777.699951,1778,1778,117,Down
4/28/2021,1768.199951,1774,1764.599976,1773.199951,1773.199951,756,Down
4/29/2021,1781,1789,1758.599976,1768.099976,1768.099976,196,Down
4/30/2021,1771.800049,1771.800049,1763.900024,1767.300049,1767.300049,18,Down
5/3/2021,1788.5,1793,1788.5,1791.400024,1791.400024,18,Up
5/4/2021,1788.199951,1788.5,1774.800049,1775.800049,1775.800049,182,Down
5/5/2021,1781.5,1784.099976,1779.199951,1784.099976,1784.099976,57,Up
5/6/2021,1788.900024,1815.5,1787.599976,1815.5,1815.5,13,Up
5/7/2021,1842.900024,1842.900024,1831.099976,1831.099976,1831.099976,2,Up
5/10/2021,1835.599976,1845.599976,1835.400024,1837.5,1837.5,13,Up
5/11/2021,1837.199951,1838.099976,1831.599976,1835.900024,1835.900024,420,Down
5/12/2021,1825.199951,1825.199951,1821.699951,1822.599976,1822.599976,3,Down
5/13/2021,1814.699951,1826.800049,1814.099976,1823.800049,1823.800049,100,Up
5/14/2021,1824.5,1842.900024,1824.5,1837.900024,1837.900024,41,Up
5/17/2021,1849.900024,1867.5,1847.199951,1867.5,1867.5,13,Up
5/18/2021,1870.5,1870.5,1867.800049,1867.800049,1867.800049,3,Up
5/19/2021,1866.400024,1884.900024,1863.599976,1881.300049,1881.300049,348,Up
5/20/2021,1865.5,1885,1864.800049,1881.800049,1881.800049,85,Up
5/21/2021,1872.099976,1876.699951,1872.099976,1876.699951,1876.699951,5,Down
5/24/2021,1882.099976,1884.599976,1882.099976,1884.599976,1884.599976,39,Up
5/25/2021,1882.5,1898.099976,1882.5,1898.099976,1898.099976,56,Up
5/26/2021,1901.300049,1901.300049,1901.300049,1901.300049,1901.300049,170526,Up
5/27/2021,1896.800049,1903.900024,1888.199951,1895.699951,1895.699951,35794,Down
5/28/2021,1897.5,1905.400024,1881.900024,1902.5,1902.5,2415,Up
6/1/2021,1905.099976,1916.199951,1892.800049,1902.900024,1902.900024,640,Up
6/2/2021,1899.199951,1908.800049,1896,1907.5,1907.5,1267,Up
6/3/2021,1908.800049,1908.800049,1865,1871.199951,1871.199951,1021,Down
6/4/2021,1869.300049,1895.5,1854,1889.800049,1889.800049,367,Up
6/7/2021,1890.5,1899.699951,1883.199951,1896.800049,1896.800049,87,Up
6/8/2021,1896.5,1902.900024,1890,1892.199951,1892.199951,930,Down
6/9/2021,1894.900024,1897.699951,1889.199951,1893.199951,1893.199951,148,Up
6/10/2021,1887.699951,1899.800049,1871.5,1894.199951,1894.199951,186,Up
6/11/2021,1900.900024,1902.300049,1875.199951,1877.400024,1877.400024,349,Down
6/14/2021,1866.199951,1866.599976,1846.5,1864,1864,41,Down
6/15/2021,1866.400024,1867.199951,1854.400024,1854.5,1854.5,78,Down
6/16/2021,1859.400024,1860.099976,1809.199951,1859.5,1859.5,117,Up
6/17/2021,1811.800049,1823.300049,1769.599976,1773.800049,1773.800049,1135,Down
6/18/2021,1775.699951,1792.400024,1767.900024,1767.900024,1767.900024,354,Down
6/21/2021,1768.800049,1785.199951,1766.800049,1781.800049,1781.800049,38,Up
6/22/2021,1783.400024,1786.900024,1775.900024,1776.300049,1776.300049,101,Down
6/23/2021,1780.699951,1793.199951,1780.599976,1782.300049,1782.300049,136,Up
6/24/2021,1778.900024,1786.400024,1775.599976,1775.599976,1775.599976,78,Down
6/25/2021,1777.699951,1788,1775.199951,1776.599976,1776.599976,35,Up
6/28/2021,1779.599976,1779.599976,1779.599976,1779.599976,1779.599976,888,Up
6/29/2021,1776.800049,1777.099976,1752.099976,1762.800049,1762.800049,419,Down
6/30/2021,1761.099976,1770.800049,1759.199951,1770.800049,1770.800049,51,Up
7/1/2021,1775.699951,1781.199951,1768.800049,1775.900024,1775.900024,44,Up
7/2/2021,1778.699951,1787.900024,1778.300049,1782.599976,1782.599976,23,Up
7/6/2021,1786.699951,1809.800049,1786.699951,1793.5,1793.5,332,Up
7/7/2021,1798.699951,1808.400024,1797.199951,1801.5,1801.5,244,Up
7/8/2021,1797,1818.5,1797,1799.599976,1799.599976,148,Down
7/9/2021,1803.599976,1810.099976,1798.800049,1810,1810,218,Up
7/12/2021,1802.599976,1805.5,1799.5,1805.5,1805.5,147,Down
7/13/2021,1808.099976,1812,1800.599976,1809.400024,1809.400024,78,Up
7/14/2021,1813.099976,1829,1813.099976,1824.300049,1824.300049,707,Up
7/15/2021,1831.599976,1833,1823.400024,1828.400024,1828.400024,99,Up
7/16/2021,1830.099976,1831.400024,1814.5,1814.5,1814.5,78,Down
7/19/2021,1803.300049,1813.400024,1803.300049,1808.699951,1808.699951,33,Down
7/20/2021,1812.900024,1824,1810.900024,1810.900024,1810.900024,128,Up
7/21/2021,1807,1807,1800,1802.900024,1802.900024,135,Down
7/22/2021,1793.599976,1805,1793.599976,1805,1805,2,Up
7/23/2021,1800,1801.400024,1800,1801.400024,1801.400024,1,Down
7/26/2021,1802.5,1802.5,1797.199951,1798.699951,1798.699951,17,Down
7/27/2021,1803.699951,1803.699951,1799.5,1799.5,1799.5,1,Up
7/29/2021,1806.599976,1832.599976,1806.099976,1831.199951,1831.199951,30496,Up
7/30/2021,1828,1830.5,1808.900024,1812.599976,1812.599976,3100,Down
8/2/2021,1812.400024,1818.699951,1804.800049,1818.099976,1818.099976,1334,Up
8/3/2021,1812.300049,1813.5,1806,1810.099976,1810.099976,3341,Down
8/4/2021,1809.300049,1831.300049,1806.300049,1810.5,1810.5,2860,Up
8/5/2021,1810.800049,1813.699951,1796,1805.099976,1805.099976,588,Down
8/6/2021,1799.800049,1800.099976,1758.400024,1760,1760,859,Down
8/9/2021,1753.5,1753.800049,1692.599976,1723.400024,1723.400024,1621,Down
8/10/2021,1728.599976,1735.199951,1720.099976,1728.800049,1728.800049,1363,Up
8/11/2021,1727.300049,1752.199951,1727.300049,1750.400024,1750.400024,542,Up
8/12/2021,1749.699951,1752.400024,1745.5,1749,1749,739,Down
8/13/2021,1758.300049,1777.300049,1757.400024,1775.199951,1775.199951,436,Up
8/16/2021,1776.900024,1787.800049,1771.900024,1786.900024,1786.900024,219,Up
8/17/2021,1787.699951,1794.199951,1780,1785,1785,200,Down
8/18/2021,1787.800049,1791.5,1779,1781.599976,1781.599976,263,Down
8/19/2021,1780,1789.300049,1775.5,1780.199951,1780.199951,245,Down
8/20/2021,1784.099976,1787.5,1778.199951,1781,1781,235,Up
8/23/2021,1776.800049,1804.800049,1776.800049,1803.199951,1803.199951,32,Up
8/24/2021,1801,1805.599976,1801,1805.599976,1805.599976,22,Up
8/25/2021,1792,1792.900024,1784,1788.199951,1788.199951,812,Down
8/26/2021,1787.400024,1792.199951,1781,1792.199951,1792.199951,61,Up
8/27/2021,1803.400024,1816.599976,1803.099976,1816.599976,1816.599976,1219,Up
8/30/2021,1818.199951,1820.300049,1807.800049,1809,1809,684,Down
8/31/2021,1815.900024,1815.900024,1801.099976,1815,1815,82,Up
9/1/2021,1813.5,1815.900024,1809.5,1813.099976,1813.099976,114,Down
9/2/2021,1813.199951,1813.900024,1806.800049,1808.699951,1808.699951,26,Down
9/3/2021,1820.900024,1833.900024,1818.900024,1830.900024,1830.900024,53,Up
9/7/2021,1825.699951,1825.699951,1792.699951,1795.900024,1795.900024,48,Down
9/8/2021,1781.699951,1790.699951,1781.699951,1790.699951,1790.699951,69,Down
9/9/2021,1798.699951,1798.699951,1787.900024,1797.400024,1797.400024,49,Up
9/10/2021,1789.599976,1789.599976,1789.599976,1789.599976,1789.599976,0,Down
9/13/2021,1789.800049,1796,1784,1792,1792,533,Up
9/14/2021,1791.400024,1806.199951,1783,1804.699951,1804.699951,764,Up
9/15/2021,1803.699951,1803.699951,1792.400024,1792.400024,1792.400024,59,Down
9/16/2021,1792.900024,1792.900024,1743.900024,1754.599976,1754.599976,1645,Down
9/17/2021,1758.800049,1763,1749.400024,1749.400024,1749.400024,581,Down
9/20/2021,1751.800049,1761.800049,1750.900024,1761.800049,1761.800049,185,Up
9/21/2021,1762.199951,1776,1759,1776,1776,106,Up
9/22/2021,1776.699951,1784.300049,1767,1776.699951,1776.699951,17,Up
9/23/2021,1766.800049,1766.800049,1738.199951,1747.699951,1747.699951,31,Down
9/24/2021,1749.699951,1749.699951,1745,1749.699951,1749.699951,76,Up
9/27/2021,1751.699951,1754.400024,1747.5,1750,1750,808,Up
9/28/2021,1739.599976,1741.699951,1726.800049,1735.800049,1735.800049,15748,Down
9/29/2021,1732.400024,1744.099976,1721.400024,1721.5,1721.5,6634,Down
9/30/2021,1725.5,1760.300049,1724.5,1755.300049,1755.300049,997,Up
10/1/2021,1754.300049,1762.599976,1748.5,1757,1757,2220,Up
10/4/2021,1764.5,1768.900024,1749.5,1766.199951,1766.199951,417,Up
10/5/2021,1764.300049,1764.300049,1749,1759.599976,1759.599976,98,Down
10/6/2021,1759.300049,1762.900024,1744.699951,1760.5,1760.5,56,Up
10/7/2021,1762.400024,1762.400024,1752.800049,1757.900024,1757.900024,336,Down
10/8/2021,1757,1780,1754.199951,1756.300049,1756.300049,254,Down
10/11/2021,1756.599976,1757.800049,1752.199951,1754.599976,1754.599976,128,Down
10/12/2021,1751.900024,1768,1749.800049,1758.300049,1758.300049,139,Up
10/13/2021,1760.800049,1794.5,1760.800049,1793.699951,1793.699951,150,Up
10/14/2021,1792.199951,1799.900024,1792,1796.699951,1796.699951,337,Up
10/15/2021,1794.5,1795.400024,1766.599976,1767.199951,1767.199951,874,Down
10/18/2021,1761.599976,1770.099976,1759.5,1764.800049,1764.800049,266,Down
10/19/2021,1777.599976,1785,1767.5,1769.699951,1769.699951,51,Up
10/20/2021,1774.599976,1785.599976,1774,1784.099976,1784.099976,127,Up
10/21/2021,1782,1785.699951,1781,1781.199951,1781.199951,146,Down
10/22/2021,1787.099976,1806.900024,1784,1795.5,1795.5,532,Up
10/25/2021,1794.300049,1809,1794,1806,1806,140,Up
10/26/2021,1808.800049,1808.800049,1788.599976,1792.699951,1792.699951,359,Down
10/27/2021,1791.5,1798.099976,1791.5,1797.900024,1797.900024,543,Up
10/28/2021,1795.5,1807.300049,1795.5,1801.599976,1801.599976,452,Up
10/29/2021,1793.099976,1797,1774.599976,1783,1783,583,Down
11/1/2021,1787.5,1795.099976,1786.699951,1795.099976,1795.099976,142,Up
11/2/2021,1790.5,1795.5,1787.699951,1788.699951,1788.699951,213,Down
11/3/2021,1768,1768,1761.800049,1763.599976,1763.599976,108,Down
11/4/2021,1776.599976,1798.199951,1776.199951,1793,1793,103,Up
11/5/2021,1794.900024,1817.099976,1794.900024,1816.400024,1816.400024,239,Up
11/8/2021,1817,1827.400024,1816.900024,1827.400024,1827.400024,261,Up
11/9/2021,1826.099976,1832.699951,1820.699951,1830.199951,1830.199951,170,Up
11/10/2021,1825.800049,1865,1824.900024,1847.599976,1847.599976,795,Up
11/11/2021,1853.900024,1866.5,1853.900024,1863.199951,1863.199951,292,Up
11/12/2021,1860.800049,1867.900024,1847.599976,1867.900024,1867.900024,210,Up
11/15/2021,1864.5,1866.900024,1864.5,1866.099976,1866.099976,87,Down
11/16/2021,1853.599976,1853.599976,1853.599976,1853.599976,1853.599976,1,Down
11/17/2021,1862.599976,1869.699951,1862.599976,1869.699951,1869.699951,2,Up
11/18/2021,1861,1861,1861,1861,1861,9,Down
11/19/2021,1851.199951,1851.199951,1851.199951,1851.199951,1851.199951,21,Down
11/22/2021,1841.599976,1841.599976,1805.699951,1806,1806,14,Down
11/23/2021,1795.5,1795.5,1783.5,1783.5,1783.5,264,Down
11/24/2021,1793,1793,1781.400024,1784.099976,1784.099976,188,Up
11/26/2021,1791.099976,1791.400024,1785.300049,1785.300049,1785.300049,186800,Up
11/29/2021,1791.699951,1798.900024,1779.099976,1782.300049,1782.300049,26926,Down
11/30/2021,1783.900024,1808.099976,1768.699951,1773.599976,1773.599976,4903,Down
12/1/2021,1774.800049,1790.5,1772.300049,1781.599976,1781.599976,1128,Up
12/2/2021,1780.900024,1780.900024,1760.599976,1760.699951,1760.699951,1557,Down
12/3/2021,1767.5,1785.099976,1766.5,1782,1782,694,Up
12/6/2021,1780.199951,1783,1777.199951,1777.5,1777.5,381,Down
12/7/2021,1779.5,1786.099976,1772.300049,1782.599976,1782.599976,308,Up
12/8/2021,1789.900024,1789.900024,1779,1783.400024,1783.400024,1383,Up
12/9/2021,1783.5,1783.5,1771.800049,1774.599976,1774.599976,455,Down
12/10/2021,1773.800049,1785.400024,1769.099976,1782.900024,1782.900024,545,Up
12/13/2021,1784.400024,1787.099976,1783.800049,1786.300049,1786.300049,206,Up
12/14/2021,1787,1787,1769,1770.400024,1770.400024,322,Down
12/15/2021,1767.400024,1778.699951,1753.900024,1762.599976,1762.599976,283,Down
12/16/2021,1781,1798.099976,1781,1796.599976,1796.599976,21,Up
12/17/2021,1804,1812.900024,1803.800049,1803.800049,1803.800049,654,Up
12/20/2021,1796.800049,1799.800049,1792,1793.699951,1793.699951,226,Down
12/21/2021,1791.400024,1796.5,1787.900024,1787.900024,1787.900024,575,Down
12/22/2021,1786,1805.199951,1785.5,1801.599976,1801.599976,567,Up
12/23/2021,1806,1811.199951,1800.800049,1811.199951,1811.199951,193,Up
12/27/2021,1810,1812.099976,1807,1808.099976,1808.099976,150,Down
12/28/2021,1812,1818,1805.5,1810.199951,1810.199951,146,Up
12/29/2021,1803.199951,1805.099976,1791.400024,1805.099976,1805.099976,623,Down
12/30/2021,1801.699951,1816,1796,1812.699951,1812.699951,306,Up
12/31/2021,1825.099976,1827.800049,1821.400024,1827.5,1827.5,80,Up
1/3/2022,1830.099976,1830.099976,1798.800049,1799.400024,1799.400024,116,Down
1/4/2022,1800.5,1815.300049,1800,1814,1814,38,Up
1/5/2022,1813.099976,1824.599976,1813.099976,1824.599976,1824.599976,8,Up
1/6/2022,1787.099976,1791.300049,1787.099976,1788.699951,1788.699951,30,Down
1/7/2022,1791.800049,1797,1784.400024,1797,1797,17,Up
1/10/2022,1794.900024,1798.699951,1790.400024,1798.400024,1798.400024,534,Up
1/11/2022,1803.900024,1822.5,1803,1818.599976,1818.599976,743,Up
1/12/2022,1819,1827.199951,1816.900024,1827.199951,1827.199951,1547,Up
1/13/2022,1819.800049,1823,1815.400024,1821.199951,1821.199951,40,Down
1/14/2022,1821.5,1822,1816.5,1816.5,1816.5,816,Down
1/18/2022,1816.800049,1820.099976,1812.300049,1812.300049,1812.300049,900,Down
1/19/2022,1817.400024,1843.099976,1817.400024,1843.099976,1843.099976,4,Up
1/20/2022,1840.599976,1843,1838.199951,1842.5,1842.5,20,Down
1/21/2022,1838,1842.400024,1828.900024,1831.800049,1831.800049,19,Down
1/24/2022,1837.900024,1842.099976,1837.900024,1841.699951,1841.699951,8,Up
1/25/2022,1843,1852.699951,1842,1852.699951,1852.699951,11,Up
1/26/2022,1829.900024,1829.900024,1829.900024,1829.900024,1829.900024,55,Down
1/27/2022,1793.300049,1793.300049,1793.300049,1793.300049,1793.300049,196036,Down
1/28/2022,1797.5,1798.400024,1778.800049,1784.900024,1784.900024,28521,Down
1/31/2022,1788.5,1798.5,1785.099976,1795,1795,1735,Up
2/1/2022,1797.199951,1806.099976,1797.099976,1800.300049,1800.300049,223,Up
2/2/2022,1797.800049,1810.099976,1795.099976,1809.199951,1809.199951,1690,Up
2/3/2022,1805.800049,1808.099976,1787.900024,1803,1803,466,Down
2/4/2022,1806,1813.699951,1792.5,1806.599976,1806.599976,571,Up
2/7/2022,1812.199951,1821.300049,1809.099976,1820.599976,1820.599976,601,Up
2/8/2022,1818.900024,1827.599976,1815,1826.599976,1826.599976,108,Up
2/9/2022,1825.400024,1835.199951,1825.300049,1835.199951,1835.199951,683,Up
2/10/2022,1833.300049,1842.099976,1820.800049,1836.199951,1836.199951,365,Up
2/11/2022,1822,1864.800049,1822,1840.800049,1840.800049,181,Up
2/14/2022,1861.800049,1870.599976,1854.599976,1868,1868,79,Up
2/15/2022,1872.599976,1879.699951,1847.400024,1854.800049,1854.800049,86,Down
2/16/2022,1858.699951,1870.199951,1856.300049,1870.199951,1870.199951,34,Up
2/17/2022,1876.300049,1900.699951,1876.199951,1900.699951,1900.699951,393,Up
2/18/2022,1899.400024,1899.400024,1890.699951,1898.599976,1898.599976,51,Down
2/22/2022,1908.099976,1912,1890.800049,1906.099976,1906.099976,173,Up
2/23/2022,1896.599976,1910.599976,1895.699951,1909.199951,1909.199951,73,Up
2/24/2022,1911.900024,1972.5,1911.699951,1925.099976,1925.099976,2706,Up
2/25/2022,1906.900024,1920,1883.599976,1886.5,1886.5,586,Down
2/28/2022,1928.300049,1928.400024,1894.199951,1899.400024,1899.400024,390,Up
3/1/2022,1908.300049,1942.400024,1903.800049,1942.400024,1942.400024,547,Up
3/2/2022,1945.599976,1948.199951,1919.800049,1920.900024,1920.900024,109,Down
3/3/2022,1930.5,1940.300049,1924.800049,1934.400024,1934.400024,122,Up
3/4/2022,1937,1970.900024,1935.599976,1965.099976,1965.099976,47,Up
3/7/2022,1989,2001.099976,1963,1993.900024,1993.900024,2516,Up
3/8/2022,1999.400024,2072,1998,2040.099976,2040.099976,1813,Up
3/9/2022,2053.600098,2063,1980.800049,1985.900024,1985.900024,1022,Down
3/10/2022,1978.099976,2010.5,1978.099976,1998.099976,1998.099976,670,Up
3/11/2022,1985,1996,1959.900024,1982.699951,1982.699951,865,Down
3/14/2022,1976.5,1977.699951,1959.599976,1959.599976,1959.599976,145,Down
3/15/2022,1939.800049,1939.900024,1910.699951,1928.5,1928.5,71,Down
3/16/2022,1922.400024,1922.400024,1907.199951,1908,1908,104,Down
3/17/2022,1933.900024,1947.199951,1933.900024,1942.099976,1942.099976,39,Up
3/18/2022,1934.5,1939.300049,1928.199951,1928.199951,1928.199951,28,Down
3/21/2022,1925.400024,1928.599976,1925,1928.599976,1928.599976,5,Up
3/22/2022,1920.699951,1920.699951,1920.699951,1920.699951,1920.699951,26,Down
3/23/2022,1936.599976,1936.599976,1936.599976,1936.599976,1936.599976,204,Up
3/24/2022,1963.599976,1964,1961.599976,1961.599976,1961.599976,8,Up
3/25/2022,1953.800049,1953.800049,1953.800049,1953.800049,1953.800049,83,Down
3/28/2022,1932.599976,1939.599976,1932.599976,1939.599976,1939.599976,7,Down
3/29/2022,1893.5,1912,1893.5,1912,1912,128051,Down
3/30/2022,1918.400024,1937,1914.5,1933.5,1933.5,17765,Up
3/31/2022,1933.5,1949.900024,1919.099976,1949.199951,1949.199951,3617,Up
4/1/2022,1935,1938,1917,1919.099976,1919.099976,1016,Down
4/4/2022,1921.199951,1936.099976,1915.599976,1929.199951,1929.199951,371,Up
4/5/2022,1927.099976,1943.5,1918.400024,1922.900024,1922.900024,412,Down
4/6/2022,1916.699951,1931.800049,1916.699951,1918.400024,1918.400024,138,Down
4/7/2022,1919.5,1934.800049,1919.5,1933.800049,1933.800049,311,Up
4/8/2022,1928.800049,1947.699951,1928.800049,1941.599976,1941.599976,153,Up
4/11/2022,1946.599976,1968.400024,1941.800049,1944.300049,1944.300049,163,Up
4/12/2022,1952.5,1977.099976,1950.599976,1972.099976,1972.099976,246,Up
4/13/2022,1969.5,1981,1969.5,1981,1981,204,Up
4/14/2022,1977.199951,1978.699951,1963,1970.900024,1970.900024,101,Down
4/18/2022,1973.400024,1997.099976,1972.800049,1982.900024,1982.900024,196,Up
4/19/2022,1973.800049,1978.300049,1945.699951,1955.699951,1955.699951,130,Down
4/20/2022,1945.5,1953.599976,1945.5,1952.300049,1952.300049,621,Down
4/21/2022,1942.5,1944.900024,1942.5,1944.900024,1944.900024,4,Down
4/22/2022,1949.599976,1950.400024,1930.199951,1931,1931,178,Down
4/25/2022,1925,1925,1889.300049,1893.199951,1893.199951,748,Down
4/26/2022,1900.5,1909.099976,1894,1901.400024,1901.400024,302,Up
4/27/2022,1897.800049,1900.599976,1882.199951,1885.900024,1885.900024,1786,Down
4/28/2022,1883.800049,1893,1872.900024,1888.699951,1888.699951,513,Up
4/29/2022,1902.699951,1918.199951,1902.400024,1909.300049,1909.300049,132,Up
5/2/2022,1896.699951,1896.800049,1853,1861.800049,1861.800049,385,Down
5/3/2022,1868.800049,1868.800049,1868.800049,1868.800049,1868.800049,466,Up
5/4/2022,1867,1867,1867,1867,1867,1,Down
5/5/2022,1897,1904.300049,1874,1874,1874,80,Up
5/6/2022,1874.699951,1890.300049,1871.5,1881.199951,1881.199951,214,Up
5/9/2022,1866.599976,1867.5,1854,1857.099976,1857.099976,304,Down
5/10/2022,1839.900024,1839.900024,1839.900024,1839.900024,1839.900024,1540,Down
5/11/2022,1841.5,1852.599976,1841,1852.599976,1852.599976,892,Up
5/12/2022,1849.800049,1851.900024,1822.199951,1823.800049,1823.800049,153,Down
5/13/2022,1825,1825,1807.400024,1807.400024,1807.400024,335,Down
5/16/2022,1790.5,1813.5,1787,1813.5,1813.5,34,Up
5/17/2022,1824.900024,1828.599976,1816.699951,1818.199951,1818.199951,121,Up
5/18/2022,1815,1819.699951,1805,1815.900024,1815.900024,311,Down
5/19/2022,1810.900024,1841.199951,1810.699951,1841.199951,1841.199951,138,Up
5/20/2022,1839.099976,1841.800049,1836.300049,1841.800049,1841.800049,110,Up
5/23/2022,1846.300049,1863,1845.800049,1847.800049,1847.800049,216,Up
5/24/2022,1852.5,1867,1852.5,1865.099976,1865.099976,33,Up
5/25/2022,1846.199951,1846.199951,1846.199951,1846.199951,1846.199951,0,Down
5/26/2022,1840.400024,1847.400024,1840.400024,1847.400024,1847.400024,123355,Up
5/27/2022,1848.300049,1860.699951,1845.900024,1851.300049,1851.300049,30091,Up
5/31/2022,1850.300049,1862.099976,1832.800049,1842.699951,1842.699951,4073,Down
6/1/2022,1831,1847.900024,1825.300049,1843.300049,1843.300049,1623,Up
6/2/2022,1845.400024,1868.699951,1842.099976,1866.5,1866.5,551,Up
6/3/2022,1867.599976,1871.800049,1845.400024,1845.400024,1845.400024,53,Down
6/6/2022,1849,1854.099976,1839.199951,1839.199951,1839.199951,142,Down
6/7/2022,1836.900024,1851.599976,1835,1847.5,1847.5,1168,Up
6/8/2022,1844.800049,1855,1844.400024,1851.900024,1851.900024,218,Up
6/9/2022,1846.099976,1850.099976,1837.900024,1848.800049,1848.800049,159,Down
6/10/2022,1842.699951,1875.599976,1823.900024,1871.5,1871.5,1490,Up
6/13/2022,1873.800049,1873.800049,1818.699951,1828,1828,127,Down
6/14/2022,1825,1825.5,1805.300049,1809.5,1809.5,536,Down
6/15/2022,1814.099976,1839,1810.800049,1815.300049,1815.300049,108,Up
6/16/2022,1819.199951,1850.599976,1814.900024,1845.699951,1845.699951,136,Up
6/17/2022,1853.699951,1853.699951,1833.599976,1835.599976,1835.599976,170,Down
6/21/2022,1835.300049,1838.599976,1830.099976,1834.599976,1834.599976,216,Down
6/22/2022,1829.5,1842.699951,1821.599976,1834.300049,1834.300049,115,Down
6/23/2022,1835.5,1841.199951,1825.699951,1825.699951,1825.699951,9,Down
6/24/2022,1820.5,1826.5,1815.800049,1826.5,1826.5,61,Up
6/27/2022,1830.5,1830.699951,1819.900024,1820.900024,1820.900024,77,Down
6/28/2022,1824.199951,1826,1817.5,1817.5,1817.5,391,Down
6/29/2022,1818.300049,1830.300049,1812.800049,1813.699951,1813.699951,173,Down
6/30/2022,1809.599976,1817.300049,1801,1804.099976,1804.099976,328,Down
7/1/2022,1795.5,1806.099976,1791.599976,1798.900024,1798.900024,77,Down
7/5/2022,1805.400024,1805.400024,1761.800049,1761.800049,1761.800049,64,Down
7/6/2022,1762.5,1768,1734,1734.900024,1734.900024,1729,Down
7/7/2022,1745.199951,1745.199951,1737,1737.900024,1737.900024,1869,Up
7/8/2022,1738.099976,1749.300049,1732.099976,1740.599976,1740.599976,370,Up
7/11/2022,1732.5,1736.699951,1730,1730,1730,75,Down
7/12/2022,1734.199951,1735.5,1723.300049,1723.300049,1723.300049,451,Down
7/13/2022,1710,1734.199951,1710,1734.199951,1734.199951,368,Up
7/14/2022,1710.300049,1710.5,1704.5,1704.5,1704.5,1289,Down
7/15/2022,1705.400024,1709.699951,1701.099976,1702.400024,1702.400024,721,Down
7/18/2022,1712.199951,1712.400024,1709.199951,1709.199951,1709.199951,264,Up
7/19/2022,1712.300049,1714.400024,1706.099976,1710,1710,1684,Up
7/20/2022,1707.099976,1708.5,1699.5,1699.5,1699.5,130,Down
7/21/2022,1687,1715.5,1679.800049,1712.699951,1712.699951,183,Up
7/22/2022,1713.300049,1735,1713,1727.099976,1727.099976,61,Up
7/25/2022,1727,1732,1719,1719,1719,67,Down
7/26/2022,1718,1718,1717.699951,1717.699951,1717.699951,1,Down
7/27/2022,1719.099976,1719.099976,1719.099976,1719.099976,1719.099976,144865,Up
7/28/2022,1732.300049,1755,1732,1750.300049,1750.300049,37236,Up
7/29/2022,1754,1765.699951,1750,1762.900024,1762.900024,3485,Up
8/1/2022,1763.900024,1772.5,1756.099976,1769,1769,705,Up
8/2/2022,1772.099976,1786.599976,1759.400024,1771.099976,1771.099976,1078,Up
8/3/2022,1756.699951,1770.5,1753,1758,1758,399,Down
8/4/2022,1769.400024,1792.099976,1767.699951,1788.5,1788.5,285,Up
8/5/2022,1791.199951,1791.400024,1764.199951,1772.900024,1772.900024,645,Down
8/8/2022,1771.800049,1786.800049,1771.800049,1786.800049,1786.800049,127,Up
8/9/2022,1790,1796.099976,1789,1794,1794,249,Up
8/10/2022,1804.400024,1804.900024,1787.800049,1795.599976,1795.599976,601,Up
8/11/2022,1794.300049,1794.300049,1785.699951,1789.699951,1789.699951,1235,Down
8/12/2022,1786.300049,1800.400024,1784.300049,1798.599976,1798.599976,187,Up
8/15/2022,1799,1799,1774.699951,1781.400024,1781.400024,64,Down
8/16/2022,1777.400024,1777.400024,1771.400024,1773.199951,1773.199951,308,Down
8/17/2022,1769.699951,1769.699951,1760,1760.300049,1760.300049,23,Down
8/18/2022,1762.900024,1762.900024,1753.400024,1755.300049,1755.300049,321,Down
8/19/2022,1753.699951,1754.300049,1747.5,1747.599976,1747.599976,49,Down
8/22/2022,1740.5,1740.5,1726.5,1734,1734,347,Down
8/23/2022,1738,1748.900024,1731.900024,1746.800049,1746.800049,509,Up
8/24/2022,1745,1751.800049,1743.599976,1747.800049,1747.800049,187,Up
8/25/2022,1761.599976,1761.800049,1755,1757.699951,1757.699951,172,Up
8/26/2022,1754,1755,1736.099976,1736.099976,1736.099976,202,Down
8/29/2022,1732.400024,1741.199951,1732.099976,1736.599976,1736.599976,950,Up
8/30/2022,1736.400024,1739,1720.699951,1723.199951,1723.199951,385,Down
8/31/2022,1718.300049,1720.900024,1708.5,1712.800049,1712.800049,2133,Down
9/1/2022,1707.900024,1707.900024,1693.900024,1696.599976,1696.599976,683,Down
9/2/2022,1703.400024,1715.699951,1703.099976,1709.800049,1709.800049,182,Up
9/6/2022,1709.699951,1717.400024,1699.699951,1700.400024,1700.400024,697,Down
9/7/2022,1694.800049,1715.300049,1694.699951,1715.300049,1715.300049,651,Up
9/8/2022,1718.199951,1718.199951,1705.300049,1708,1708,1193,Down
9/9/2022,1719.199951,1720,1712.800049,1716.199951,1716.199951,635,Up
9/12/2022,1727.400024,1728.099976,1727.400024,1728.099976,1728.099976,68,Up
9/13/2022,1720.5,1720.5,1697.300049,1705,1705,432,Down
9/14/2022,1698.699951,1701.800049,1696.5,1696.5,1696.5,532,Down
9/15/2022,1685.5,1686,1662.300049,1665.400024,1665.400024,1125,Down
9/16/2022,1660.400024,1674.900024,1651.699951,1671.699951,1671.699951,464,Up
9/19/2022,1661.800049,1669.400024,1658.5,1666.199951,1666.199951,580,Down
9/20/2022,1659.699951,1659.699951,1659.699951,1659.699951,1659.699951,2830,Down
9/21/2022,1665.5,1680.099976,1664.599976,1664.599976,1664.599976,2337,Up
9/22/2022,1668.300049,1670.800049,1668.300049,1670.800049,1670.800049,973,Up
9/23/2022,1667,1667,1645.300049,1645.300049,1645.300049,1224,Down
9/26/2022,1623.300049,1623.300049,1623.300049,1623.300049,1623.300049,1205,Down
9/27/2022,1632.199951,1636.599976,1626.699951,1626.699951,1626.699951,888,Up
9/28/2022,1620.400024,1660.400024,1620.400024,1660.400024,1660.400024,18311,Up
9/29/2022,1657,1662.599976,1640,1658.5,1658.5,6028,Down
9/30/2022,1661.699951,1672.699951,1658,1662.400024,1662.400024,548,Up
10/3/2022,1667.199951,1700,1661.900024,1692.900024,1692.900024,410,Up
10/4/2022,1701.199951,1728,1696,1721.099976,1721.099976,291,Up
10/5/2022,1724.099976,1726.599976,1703,1711.400024,1711.400024,418,Down
10/6/2022,1721,1723.300049,1709.099976,1711.699951,1711.699951,133,Up
10/7/2022,1710.099976,1710.099976,1693.699951,1700.5,1700.5,179,Down
10/10/2022,1693.400024,1693.400024,1667,1667.300049,1667.300049,195,Down
10/11/2022,1661.800049,1678.699951,1661,1678.699951,1678.699951,167,Up
10/12/2022,1668,1672.699951,1668,1670.300049,1670.300049,149,Down
10/13/2022,1675.199951,1675.300049,1641.5,1670,1670,729,Down
10/14/2022,1665.300049,1667,1640,1641.699951,1641.699951,82,Down
10/17/2022,1650.199951,1657,1646.800049,1657,1657,238,Up
10/18/2022,1651.400024,1655.199951,1649,1649,1649,597,Down
10/19/2022,1637.5,1637.5,1627.5,1627.5,1627.5,84,Down
10/20/2022,1622.800049,1641.400024,1622.800049,1630.800049,1630.800049,477,Up
10/21/2022,1634.099976,1653.900024,1634.099976,1651,1651,224,Up
10/24/2022,1662.699951,1662.699951,1648.699951,1648.699951,1648.699951,29,Down
10/25/2022,1648.199951,1652.800049,1637.300049,1652.800049,1652.800049,880,Up
10/26/2022,1649.800049,1667,1649.800049,1664,1664,89,Up
10/27/2022,1660.699951,1660.699951,1660.699951,1660.699951,1660.699951,2298,Down
10/28/2022,1661,1661,1638.699951,1639.599976,1639.599976,626,Down
10/31/2022,1641.800049,1641.800049,1633.400024,1635.900024,1635.900024,522,Down
11/1/2022,1630.800049,1653.699951,1630.800049,1645,1645,985,Up
11/2/2022,1650.800049,1664.699951,1634,1645.699951,1645.699951,612,Up
11/3/2022,1629.199951,1629.199951,1615.099976,1627.300049,1627.300049,1427,Down
11/4/2022,1630.199951,1674.5,1629,1672.5,1672.5,159,Up
11/7/2022,1676.900024,1677.900024,1672.900024,1676.5,1676.5,42,Up
11/8/2022,1703.199951,1712.099976,1703.199951,1712.099976,1712.099976,23,Up
11/9/2022,1707.400024,1720.199951,1706,1710.099976,1710.099976,497,Down
11/10/2022,1708.199951,1750.300049,1708.199951,1750.300049,1750.300049,325,Up
11/11/2022,1763.800049,1766,1757.599976,1766,1766,257,Up
11/14/2022,1762,1773.599976,1761.599976,1773.599976,1773.599976,358,Up
11/15/2022,1770.800049,1773.800049,1769.900024,1773.800049,1773.800049,57,Up
11/16/2022,1776.599976,1778.900024,1773,1773,1773,303,Down
11/17/2022,1763,1763,1756,1760.800049,1760.800049,18,Down
11/18/2022,1763.300049,1763.300049,1747.599976,1751.900024,1751.900024,414,Down
11/21/2022,1739,1744.900024,1736.099976,1737.400024,1737.400024,544,Down
11/22/2022,1741.699951,1741.699951,1738.300049,1738.300049,1738.300049,15,Up
11/23/2022,1736.5,1750.900024,1736.5,1744.900024,1744.900024,39,Up
11/25/2022,1753,1757.900024,1749.199951,1753.300049,1753.300049,216,Up
11/28/2022,1741.300049,1741.300049,1740.099976,1740.099976,1740.099976,132767,Down
11/29/2022,1739.5,1758.199951,1737.900024,1748.400024,1748.400024,19416,Up
11/30/2022,1748.099976,1769.400024,1745.099976,1746,1746,3339,Down
12/1/2022,1768.699951,1803.699951,1768.699951,1801.099976,1801.099976,1053,Up
12/2/2022,1802,1802.300049,1779.400024,1795.900024,1795.900024,1725,Down
12/5/2022,1795.699951,1808,1764.300049,1767.400024,1767.400024,1713,Down
12/6/2022,1768.599976,1779.400024,1767.900024,1769.300049,1769.300049,105,Up
12/7/2022,1769.300049,1790.300049,1769.300049,1785.5,1785.5,422,Up
12/8/2022,1782,1790.900024,1782,1788.699951,1788.699951,713,Up
12/9/2022,1794.900024,1804.300049,1791.099976,1798.099976,1798.099976,125,Up
12/12/2022,1787.300049,1793.900024,1777.699951,1780.5,1780.5,85,Down
12/13/2022,1780.699951,1819.800049,1780.5,1813.900024,1813.900024,205,Up
12/14/2022,1810.800049,1812.800049,1797.900024,1807.5,1807.5,1074,Down
12/15/2022,1801,1801,1774.800049,1777.199951,1777.199951,421,Down
12/16/2022,1777.900024,1791.400024,1777.900024,1790,1790,206,Up
12/19/2022,1791.599976,1796.300049,1785.599976,1787.699951,1787.699951,79,Down
12/20/2022,1786.5,1821.400024,1786.5,1815.900024,1815.900024,51,Up
12/22/2022,1818.099976,1818.099976,1785,1787,1787,411,Down
12/23/2022,1794.300049,1802.800049,1794.099976,1795.900024,1795.900024,49,Up
12/27/2022,1803.400024,1826.300049,1803.400024,1814.800049,1814.800049,69,Up
12/28/2022,1803.199951,1807.900024,1803.099976,1807.900024,1807.900024,434,Down
12/29/2022,1805.800049,1819.5,1805.800049,1819.5,1819.5,277,Up
12/30/2022,1817,1822.300049,1816.800049,1819.699951,1819.699951,95,Up
1/3/2023,1836.199951,1839.699951,1836.199951,1839.699951,1839.699951,29,Up
1/4/2023,1845.599976,1859.099976,1845.599976,1852.800049,1852.800049,25,Up
1/5/2023,1855.199951,1855.199951,1834.800049,1834.800049,1834.800049,24,Down
1/6/2023,1838.400024,1868.199951,1835.300049,1864.199951,1864.199951,26,Up
1/9/2023,1867,1880,1867,1872.699951,1872.699951,62,Up
1/10/2023,1877.800049,1878.099976,1871.599976,1871.599976,1871.599976,101,Down
1/11/2023,1873.099976,1877.800049,1873.099976,1874.599976,1874.599976,1236,Up
1/12/2023,1877.199951,1897.400024,1877.199951,1895.5,1895.5,59,Up
1/13/2023,1899,1920.900024,1898.300049,1918.400024,1918.400024,512,Up
1/17/2023,1920.099976,1920.099976,1905.199951,1907.199951,1907.199951,706,Down
1/18/2023,1911.099976,1911.099976,1903.099976,1904.400024,1904.400024,1027,Down
1/19/2023,1922.099976,1931.800049,1922.099976,1922.099976,1922.099976,371,Up
1/20/2023,1922.099976,1928.5,1921.400024,1926.400024,1926.400024,1346,Up
1/23/2023,1926.5,1927.099976,1915,1927.099976,1927.099976,218,Up
1/24/2023,1931.800049,1936.800049,1931.800049,1933.900024,1933.900024,201,Up
1/25/2023,1941.199951,1941.199951,1939.800049,1941.199951,1941.199951,7,Up
1/26/2023,1936.599976,1937.099976,1927.099976,1929.099976,1929.099976,131,Down
1/27/2023,1928.599976,1928.599976,1928.599976,1928.599976,1928.599976,150902,Down
1/30/2023,1928.300049,1933.599976,1920.300049,1922.900024,1922.900024,27220,Down
1/31/2023,1923,1930.400024,1900.599976,1929.5,1929.5,1910,Up
2/1/2023,1927.199951,1955,1922,1927.800049,1927.800049,2290,Down
2/2/2023,1952.300049,1959.099976,1911.300049,1916.300049,1916.300049,748,Down
2/3/2023,1912.400024,1917,1861.5,1862.900024,1862.900024,992,Down
2/6/2023,1865.599976,1880,1863.400024,1866.199951,1866.199951,424,Up
2/7/2023,1870,1875.699951,1868,1871.699951,1871.699951,297,Up
2/8/2023,1872.099976,1880.400024,1872.099976,1877.400024,1877.400024,230,Up
2/9/2023,1875.300049,1884.599976,1859.800049,1866.199951,1866.199951,223,Down
2/10/2023,1861.599976,1863.5,1852.400024,1862.800049,1862.800049,27,Down
2/13/2023,1859,1861,1850,1851.900024,1851.900024,569,Down
2/14/2023,1854.099976,1862,1846.199951,1854,1854,656,Up
2/15/2023,1842,1842,1828.199951,1834.199951,1834.199951,368,Down
2/16/2023,1838.599976,1843.699951,1827.199951,1842,1842,222,Up
2/17/2023,1827.400024,1842.199951,1818.400024,1840.400024,1840.400024,35,Down
2/21/2023,1842.599976,1843,1833,1833,1833,862,Down
2/22/2023,1835.699951,1836.199951,1825.099976,1832,1832,278,Down
2/23/2023,1826.400024,1827.5,1818,1818,1818,291,Down
2/24/2023,1808.800049,1808.800049,1808.800049,1808.800049,1808.800049,404,Down
2/27/2023,1811.599976,1817.5,1808.900024,1817,1817,829,Up
2/28/2023,1808.099976,1830,1808.099976,1828.900024,1828.900024,618,Up
3/1/2023,1827.099976,1841.699951,1827.099976,1837.699951,1837.699951,211,Up
3/2/2023,1830,1836.300049,1830,1833.5,1833.5,154,Down
3/3/2023,1837.300049,1855.400024,1837.300049,1847.699951,1847.699951,61,Up
3/6/2023,1853.300049,1853.800049,1844.199951,1847.900024,1847.900024,5,Up
3/7/2023,1840.900024,1840.900024,1813.900024,1813.900024,1813.900024,450,Down
3/8/2023,1811.599976,1812.900024,1811.5,1812.699951,1812.699951,75,Down
3/9/2023,1816.400024,1829.300049,1815.599976,1829.300049,1829.300049,332,Up
3/10/2023,1852.300049,1868.5,1852,1862,1862,248,Up
3/13/2023,1890.800049,1913.099976,1875.099976,1911.699951,1911.699951,503,Up
3/14/2023,1912.199951,1912.199951,1901.099976,1906.199951,1906.199951,107,Down
3/15/2023,1903.900024,1926.599976,1898.5,1926.599976,1926.599976,564,Up
3/16/2023,1909.900024,1931.699951,1909.900024,1919,1919,394,Down
3/17/2023,1946,1985.099976,1946,1969.800049,1969.800049,82,Up
3/20/2023,1988.300049,2003.900024,1968.900024,1979.199951,1979.199951,389,Up
3/21/2023,1973.800049,1973.800049,1938,1938,1938,47,Down
3/22/2023,1946.800049,1974,1946.800049,1946.800049,1946.800049,50,Up
3/23/2023,1990.5,1994.599976,1990.5,1993.800049,1993.800049,33,Up
3/24/2023,1991.699951,1995.400024,1982.099976,1982.099976,1982.099976,19,Down
3/27/2023,1957.199951,1957.199951,1952.400024,1952.400024,1952.400024,877,Down
3/28/2023,1972.400024,1972.400024,1972.400024,1972.400024,1972.400024,21,Up
3/29/2023,1966.099976,1966.099976,1966.099976,1966.099976,1966.099976,88563,Down
3/30/2023,1965.900024,1984.400024,1954.900024,1980.300049,1980.300049,10119,Up
3/31/2023,1981.300049,1986.800049,1968,1969,1969,957,Down
4/3/2023,1968.099976,1991.699951,1950,1983.900024,1983.900024,737,Up
4/4/2023,1984.599976,2027.099976,1979,2022.199951,2022.199951,811,Up
4/5/2023,2022.099976,2033.800049,2013.599976,2020.900024,2020.900024,525,Down
4/6/2023,2022.199951,2023.300049,2005,2011.900024,2011.900024,0,Down
4/10/2023,2000,2006.599976,1984,1989.099976,1989.099976,652,Down
4/11/2023,1991.400024,2006.5,1991.400024,2004.800049,2004.800049,68,Up
4/12/2023,2005.199951,2025.699951,2005.199951,2010.900024,2010.900024,172,Up
4/13/2023,2015.599976,2048.600098,2015.599976,2041.300049,2041.300049,1043,Up
4/14/2023,2041,2047.800049,1995,2002.199951,2002.199951,718,Down
4/17/2023,2002.699951,2007.599976,1983.199951,1994.199951,1994.199951,554,Down
4/18/2023,1996.900024,2007.400024,1996.900024,2007.400024,2007.400024,72,Up
4/19/2023,2005.699951,2006.400024,1969.800049,1995.199951,1995.199951,61,Down
4/20/2023,1998,2007.599976,1998,2007.599976,2007.599976,164,Up
4/21/2023,1996.199951,1996.199951,1974.099976,1979.5,1979.5,132,Down
4/24/2023,1981.300049,1989.800049,1977.400024,1989.099976,1989.099976,145,Up
4/25/2023,1995.699951,1999.099976,1982.300049,1994,1994,306,Up
4/26/2023,1997.800049,1998.800049,1985.599976,1985.699951,1985.699951,615,Down
4/27/2023,1990.599976,2002.300049,1979.900024,1989.900024,1989.900024,355,Up
4/28/2023,1986.900024,1990.099976,1977.699951,1990.099976,1990.099976,152,Up
5/1/2023,1980.099976,2005,1976.900024,1983.400024,1983.400024,210,Down
5/2/2023,1994.699951,2018,1994.699951,2014.300049,2014.300049,1896,Up
5/3/2023,2017.099976,2035.099976,2015.199951,2028.599976,2028.599976,1349,Up
5/4/2023,2045,2072,2040,2048,2048,930,Up
5/5/2023,2046.400024,2046.400024,2004.300049,2017.400024,2017.400024,59,Down
5/8/2023,2022.5,2026.300049,2022.5,2026.300049,2026.300049,3,Up
5/9/2023,2026.599976,2037.300049,2025.900024,2036.199951,2036.199951,241,Up
5/10/2023,2032.300049,2044.300049,2029.5,2030.5,2030.5,248,Down
5/11/2023,2034.099976,2038.300049,2014,2014.699951,2014.699951,90,Down
5/12/2023,2014.5,2014.5,2014.5,2014.5,2014.5,115,Down
5/15/2023,2013.800049,2018,2013.800049,2018,2018,3,Up
5/16/2023,1988.400024,1988.400024,1988.400024,1988.400024,1988.400024,49,Down
5/17/2023,1983.599976,1983.599976,1980.699951,1980.699951,1980.699951,13,Down
5/18/2023,1956.5,1956.800049,1956.5,1956.5,1956.5,23,Down
5/19/2023,1960,1978.699951,1960,1978.699951,1978.699951,106,Up
5/22/2023,1980.5,1980.5,1974.800049,1974.800049,1974.800049,8,Down
5/23/2023,1972.400024,1972.400024,1972.400024,1972.400024,1972.400024,1,Down
5/24/2023,1975.400024,1975.400024,1962.800049,1962.800049,1962.800049,189,Down
5/25/2023,1943.099976,1943.099976,1943.099976,1943.099976,1943.099976,1,Down
5/26/2023,1948.199951,1948.400024,1944.099976,1944.099976,1944.099976,166036,Up
5/30/2023,1942.699951,1962.599976,1931,1958,1958,37838,Up
5/31/2023,1958.199951,1973,1953,1963.900024,1963.900024,5959,Up
6/1/2023,1963.199951,1983,1954.300049,1978,1978,750,Up
6/2/2023,1977.099976,1982.5,1947.400024,1952.400024,1952.400024,356,Down
6/5/2023,1947.5,1961.900024,1937.800049,1958,1958,713,Up
6/6/2023,1960.800049,1965.5,1958.800049,1965.5,1965.5,164,Up
6/7/2023,1959,1968.400024,1940.699951,1942.699951,1942.699951,139,Down
6/8/2023,1943.199951,1969,1943.099976,1963.599976,1963.599976,433,Up
6/9/2023,1965.099976,1969.800049,1960.300049,1962.199951,1962.199951,49,Down
6/12/2023,1959.699951,1963.5,1951.400024,1955.300049,1955.300049,212,Down
6/13/2023,1960.599976,1967.5,1940.300049,1944.599976,1944.599976,343,Down
6/14/2023,1946.199951,1958.199951,1940.300049,1955.300049,1955.300049,202,Up
6/15/2023,1941.699951,1958.800049,1926,1957.800049,1957.800049,329,Up
6/16/2023,1961.400024,1962.900024,1953.5,1958.400024,1958.400024,119,Up
6/20/2023,1958.599976,1958.599976,1931.300049,1935.5,1935.5,193,Down
6/21/2023,1935.599976,1936.800049,1920,1933.300049,1933.300049,557,Down
6/22/2023,1920,1921,1912.099976,1912.699951,1912.699951,237,Down
6/23/2023,1918.699951,1932.5,1918.699951,1919.099976,1919.099976,105,Up
6/26/2023,1922.900024,1928.5,1922.5,1923.699951,1923.699951,71,Up
6/27/2023,1927,1929.400024,1914,1914,1914,49,Down
6/28/2023,1912.300049,1912.300049,1912.300049,1912.300049,1912.300049,628,Down
6/29/2023,1909.900024,1909.900024,1892.5,1909.199951,1909.199951,289,Down
6/30/2023,1908.599976,1921.099976,1900.599976,1921.099976,1921.099976,445,Up
7/3/2023,1917.900024,1929.5,1917.900024,1921.699951,1921.699951,41,Up
7/5/2023,1923.5,1933.900024,1914.699951,1919.599976,1919.599976,193,Down
7/6/2023,1909.300049,1910.199951,1903.199951,1908.699951,1908.699951,81,Down
7/7/2023,1913.400024,1934.099976,1913.400024,1926.199951,1926.199951,61,Up
7/10/2023,1923.599976,1926.099976,1912.300049,1925,1925,269,Down
7/11/2023,1925,1937,1924.199951,1931.300049,1931.300049,142,Up
7/12/2023,1932.300049,1958,1932.199951,1956.199951,1956.199951,132,Up
7/13/2023,1961.099976,1961.099976,1953,1959.199951,1959.199951,121,Up
7/14/2023,1958.400024,1960.599976,1952.699951,1960.099976,1960.099976,94,Up
7/17/2023,1954,1956.5,1946.599976,1952.400024,1952.400024,29,Down
7/18/2023,1968.800049,1978.400024,1963.400024,1977.199951,1977.199951,83,Up
7/19/2023,1977,1977.5,1973,1977.5,1977.5,35,Up
7/20/2023,1973.699951,1973.699951,1965.599976,1968.300049,1968.300049,638,Down
7/21/2023,1961.800049,1964.300049,1961.800049,1964.300049,1964.300049,50,Down
7/24/2023,1965.300049,1965.5,1960.300049,1960.300049,1960.300049,2,Down
7/25/2023,1953,1962.5,1953,1962.099976,1962.099976,19,Up
7/26/2023,1966.199951,1972,1966.199951,1968.900024,1968.900024,51,Up
7/27/2023,1945.400024,1945.400024,1945.400024,1945.400024,1945.400024,194253,Down
7/28/2023,1945.5,1962.199951,1944.199951,1960.400024,1960.400024,23155,Up
7/31/2023,1959.199951,1971.599976,1950,1970.5,1970.5,1025,Up
8/1/2023,1964.900024,1965.400024,1940.699951,1940.699951,1940.699951,688,Down
8/2/2023,1948.400024,1953.599976,1933.199951,1937.400024,1937.400024,652,Down
8/3/2023,1934.199951,1936.5,1928,1932,1932,773,Down
8/4/2023,1934.900024,1945,1920,1939.599976,1939.599976,290,Up
8/7/2023,1941,1941,1929.800049,1933.5,1933.5,376,Down
8/8/2023,1931.699951,1933.199951,1923,1924.099976,1924.099976,555,Down
8/9/2023,1925.400024,1928.800049,1913.699951,1915.400024,1915.400024,451,Down
8/10/2023,1921.099976,1927.800049,1911.400024,1914.400024,1914.400024,178,Down
8/11/2023,1913,1916.599976,1911.800049,1912.900024,1912.900024,57,Down
8/14/2023,1909.300049,1912.599976,1903.300049,1910.599976,1910.599976,46,Down
8/15/2023,1906,1907.699951,1895,1902.5,1902.5,73,Down
8/16/2023,1904.5,1904.5,1890.300049,1896.099976,1896.099976,22,Down
8/17/2023,1893.699951,1902.400024,1884,1884.099976,1884.099976,245,Down
8/18/2023,1891.800049,1891.800049,1886.099976,1886.099976,1886.099976,19,Up
8/21/2023,1893.599976,1893.599976,1893.300049,1893.300049,1893.300049,876,Up
8/22/2023,1894.599976,1896.800049,1892.800049,1896.400024,1896.400024,46,Up
8/23/2023,1909.599976,1918.5,1909.599976,1918.5,1918.5,547,Up
8/24/2023,1920,1920.800049,1918.199951,1918.199951,1918.199951,337,Down
8/25/2023,1919.800049,1919.800049,1911.099976,1911.099976,1911.099976,195,Down
8/28/2023,1915.5,1921.5,1915.5,1917.900024,1917.900024,99,Up
8/29/2023,1917.900024,1936.5,1916.900024,1936.5,1936.5,1674,Up
8/30/2023,1936,1946.400024,1934.599976,1944.300049,1944.300049,396,Up
8/31/2023,1944.400024,1944.400024,1938.199951,1938.199951,1938.199951,491,Down
9/1/2023,1950,1950,1936.599976,1939.800049,1939.800049,167,Up
9/5/2023,1934.400024,1934.400024,1924.699951,1926.199951,1926.199951,113,Down
9/6/2023,1924.099976,1925.300049,1916.300049,1918.099976,1918.099976,24,Down
9/7/2023,1917.599976,1921.5,1917.5,1917.5,1917.5,41,Down
9/8/2023,1924,1924.699951,1918.400024,1918.400024,1918.400024,105,Up
9/11/2023,1923,1928.300049,1921.800049,1923.300049,1923.300049,50,Up
9/12/2023,1920.800049,1920.800049,1911.300049,1911.300049,1911.300049,365,Down
9/13/2023,1910.300049,1914.599976,1908.900024,1909.099976,1909.099976,15,Down
9/14/2023,1903,1910,1903,1910,1910,169,Up
9/15/2023,1923.5,1927.300049,1923.5,1923.699951,1923.699951,8,Up
9/18/2023,1928.199951,1931.5,1926.400024,1931.5,1931.5,19,Up
9/19/2023,1934,1934,1932,1932,1932,6,Up
9/20/2023,1945.599976,1945.599976,1929.199951,1945.599976,1945.599976,119,Up
9/21/2023,1924,1924,1919.199951,1919.199951,1919.199951,9,Down
9/22/2023,1925.400024,1925.400024,1925.400024,1925.400024,1925.400024,1,Up
9/25/2023,1916.599976,1916.599976,1916.599976,1916.599976,1916.599976,114,Down
9/26/2023,1905,1905.099976,1900.400024,1900.400024,1900.400024,161,Down
9/27/2023,1871.599976,1871.599976,1871.599976,1871.599976,1871.599976,12251,Down
9/28/2023,1875.5,1878.199951,1856.699951,1860.400024,1860.400024,4654,Down
9/29/2023,1864.300049,1872.300049,1846,1848.099976,1848.099976,1605,Down
10/2/2023,1844.099976,1845.900024,1826.699951,1830,1830,2309,Down
10/3/2023,1825,1830.900024,1816.800049,1824.599976,1824.599976,310,Down
10/4/2023,1821.800049,1828.199951,1816.400024,1818.5,1818.5,357,Down
10/5/2023,1826.300049,1826.300049,1815.599976,1816.599976,1816.599976,393,Down
10/6/2023,1819,1831.800049,1809.400024,1830.199951,1830.199951,390,Up
10/9/2023,1842.5,1861.5,1842.5,1849.5,1849.5,232,Up
10/10/2023,1857,1861.400024,1852.800049,1861,1861,236,Up
10/11/2023,1869.5,1874.599976,1869.099976,1872.800049,1872.800049,65,Up
10/12/2023,1874.699951,1881.199951,1867,1869.300049,1869.300049,46,Down
10/13/2023,1877.5,1930.099976,1877.5,1927.400024,1927.400024,43,Up
10/16/2023,1910.400024,1921.099976,1910.300049,1921.099976,1921.099976,53,Down
10/17/2023,1914.300049,1925.800049,1914.300049,1922.699951,1922.699951,103,Up
10/18/2023,1935,1957.900024,1935,1955.300049,1955.300049,67,Up
10/19/2023,1950.099976,1977.699951,1945.699951,1968.400024,1968.400024,1945,Up
10/20/2023,1981.099976,1988.599976,1980.400024,1982.5,1982.5,557,Up
10/23/2023,1976.199951,1978.900024,1972.900024,1976.300049,1976.300049,127,Down
10/24/2023,1970.300049,1975,1970.300049,1975,1975,10,Down
10/25/2023,1971.199951,1985.300049,1971.199951,1984.099976,1984.099976,97,Up
10/26/2023,1988.199951,1988.199951,1980.400024,1987.199951,1987.199951,521,Up
10/27/2023,1988.599976,1988.599976,1988.599976,1988.599976,1988.599976,372,Up
10/30/2023,2004.099976,2004.099976,1992.5,1996.199951,1996.199951,157,Up
10/31/2023,1996.5,2001,1983.699951,1985.199951,1985.199951,84,Down
11/1/2023,1990.5,1990.5,1977.800049,1978.800049,1978.800049,41,Down
11/2/2023,1989.099976,1990.300049,1979.5,1985.599976,1985.599976,39,Up
11/3/2023,1989,1991.5,1989,1991.5,1991.5,12,Up
11/6/2023,1981.599976,1981.599976,1977.400024,1981.599976,1981.599976,130,Down
11/7/2023,1966.5,1966.800049,1960.699951,1966.800049,1966.800049,20,Down
11/8/2023,1967.800049,1967.800049,1947.699951,1951.5,1951.5,43,Down
11/9/2023,1951.699951,1964.199951,1945.300049,1964.199951,1964.199951,10,Up
11/10/2023,1959.599976,1959.599976,1932.599976,1932.599976,1932.599976,375,Down
11/13/2023,1939.900024,1947.199951,1934,1945.5,1945.5,191,Up
11/14/2023,1965.800049,1965.800049,1961.800049,1961.800049,1961.800049,2,Up
11/15/2023,1962.800049,1962.800049,1960,1960.099976,1960.099976,6,Down
11/16/2023,1965.300049,1983.900024,1964.599976,1983.900024,1983.900024,39,Up
11/17/2023,1982.5,1984,1979.800049,1981.599976,1981.599976,32,Down
11/20/2023,1978.699951,1979.400024,1969.699951,1977.699951,1977.699951,182,Down
11/21/2023,1990.699951,2005.5,1988.5,1999.300049,1999.300049,16,Up
11/22/2023,1999.099976,1999.400024,1991,1991.400024,1991.400024,6075,Down
11/24/2023,1991.900024,2002.199951,1991.5,2002.199951,2002.199951,63,Up
11/27/2023,2011.699951,2011.800049,2011.699951,2011.800049,2011.800049,228,Up
11/28/2023,2040.599976,2042.699951,2039.699951,2039.699951,2039.699951,174665,Up
11/29/2023,2041.699951,2052.100098,2036,2047.099976,2047.099976,15290,Up
11/30/2023,2046.099976,2047.099976,2033.099976,2038.099976,2038.099976,2506,Down
12/1/2023,2038.300049,2073.199951,2036,2071,2071,614,Up
12/4/2023,2075.300049,2130.199951,2021,2024.099976,2024.099976,1071,Down
12/5/2023,2035.099976,2037,2010.199951,2018.5,2018.5,289,Down
12/6/2023,2019.900024,2035.800049,2019,2030.5,2030.5,417,Up
12/7/2023,2029.199951,2034.900024,2024,2029.900024,2029.900024,67,Down
12/8/2023,2031.699951,2033.099976,1995,1998.300049,1998.300049,449,Down
12/11/2023,2004.099976,2004.199951,1977.199951,1978,1978,651,Down
12/12/2023,1984.199951,1994.199951,1977.800049,1977.800049,1977.800049,95,Down
12/13/2023,1978.5,2024.800049,1975,1982.300049,1982.300049,2252,Up
12/14/2023,2024.699951,2040.099976,2024.300049,2030.199951,2030.199951,236,Up
12/15/2023,2032.599976,2043.400024,2018.300049,2021.099976,2021.099976,261,Down
12/18/2023,2024.300049,2032.800049,2024,2026.300049,2026.300049,100,Up
12/19/2023,2025.199951,2042.699951,2025.199951,2038.400024,2038.400024,498,Up
12/20/2023,2037.099976,2037.099976,2030.300049,2034.5,2034.5,258,Down
12/21/2023,2035.800049,2044.5,2033,2039.099976,2039.099976,228,Up
12/22/2023,2055.699951,2068.699951,2052.199951,2057.100098,2057.100098,202,Up
12/26/2023,2060,2060.800049,2054.199951,2058.199951,2058.199951,64,Up
12/27/2023,2067.300049,2081.899902,2064.800049,2081.899902,2081.899902,586,Up
12/28/2023,2081.600098,2087.300049,2066.5,2073.899902,2073.899902,338,Down
12/29/2023,2068,2068.899902,2062.100098,2062.399902,2062.399902,47,Down
1/2/2024,2063.5,2073.699951,2057.100098,2064.399902,2064.399902,61,Up
1/3/2024,2034.199951,2044,2034.199951,2034.199951,2034.199951,54,Down
1/4/2024,2041.599976,2044.5,2038,2042.300049,2042.300049,88,Up
1/5/2024,2044.5,2048.100098,2042.400024,2042.400024,2042.400024,12,Up
1/8/2024,2019.099976,2033.699951,2019.099976,2026.599976,2026.599976,10,Down
1/9/2024,2035.800049,2035.800049,2026.400024,2026.400024,2026.400024,27,Down
1/10/2024,2029,2035.599976,2021.699951,2021.699951,2021.699951,538,Down
1/11/2024,2025.099976,2025.099976,2014.300049,2014.300049,2014.300049,97,Down
1/12/2024,2031.099976,2057,2031.099976,2046.699951,2046.699951,390,Up
1/16/2024,2051.699951,2054.800049,2026,2026,2026,46,Down
1/17/2024,2026.5,2026.5,2002.599976,2002.599976,2002.599976,764,Down
1/18/2024,2012.800049,2018.599976,2009.5,2018.599976,2018.599976,1474,Up
1/19/2024,2023.199951,2036,2019.5,2026.5,2026.5,50,Up
1/22/2024,2021.300049,2021.300049,2019.800049,2019.800049,2019.800049,12,Down
1/23/2024,2030.300049,2030.300049,2022.5,2023.699951,2023.699951,15,Up
1/24/2024,2023.199951,2033.199951,2013.900024,2013.900024,2013.900024,253,Down
1/25/2024,2012.099976,2022.400024,2012.099976,2016.900024,2016.900024,548,Up
1/26/2024,2021.699951,2022.400024,2016.800049,2016.800049,2016.800049,49,Down
1/29/2024,2025.199951,2025.199951,2025.199951,2025.199951,2025.199951,150708,Up
1/30/2024,2032.5,2048.5,2028.099976,2031.5,2031.5,26907,Up
1/31/2024,2035.400024,2055,2030,2048.399902,2048.399902,2007,Up
2/1/2024,2040.199951,2064.5,2029,2053,2053,947,Up
2/2/2024,2054.800049,2055.899902,2027.699951,2036.099976,2036.099976,888,Down
2/5/2024,2038.900024,2040.800049,2013.800049,2025.699951,2025.699951,412,Down
2/6/2024,2025.900024,2037.300049,2025.900024,2034.5,2034.5,249,Up
2/7/2024,2032.800049,2039.5,2032.699951,2035.199951,2035.199951,71,Up
2/8/2024,2028,2036.699951,2020.300049,2032.199951,2032.199951,341,Down
2/9/2024,2032,2032,2020,2023.300049,2023.300049,62,Down
2/12/2024,2025.5,2025.5,2011.599976,2018.199951,2018.199951,317,Down
2/13/2024,2025.099976,2025.800049,1990,1992.900024,1992.900024,198,Down
2/14/2024,1990.300049,1993.5,1984.800049,1990.300049,1990.300049,1916,Down
2/15/2024,1993.599976,2007.199951,1993.599976,2002.099976,2002.099976,286,Up
2/16/2024,2005,2011.5,1996.5,2011.5,2011.5,32,Up
2/20/2024,2015.599976,2029,2015.599976,2027.5,2027.5,1326,Up
2/21/2024,2028.199951,2028.199951,2022.300049,2022.300049,2022.300049,15,Down
2/22/2024,2033.199951,2033.199951,2019.699951,2019.699951,2019.699951,964,Down
2/23/2024,2026,2038.599976,2014.900024,2038.599976,2038.599976,22,Up
2/26/2024,2034.099976,2035.400024,2024.800049,2028.5,2028.5,143,Down
2/27/2024,2035.900024,2035.900024,2034,2034,2034,964,Up
2/28/2024,2029.5,2037,2024.800049,2033,2033,581,Down
2/29/2024,2034.300049,2049.800049,2034.300049,2045.699951,2045.699951,706,Up
3/1/2024,2043.099976,2086.899902,2041.800049,2086.899902,2086.899902,1210,Up
3/4/2024,2083.600098,2119.800049,2080.699951,2117.699951,2117.699951,805,Up
3/5/2024,2114.899902,2133.5,2111.399902,2133.5,2133.5,1287,Up
3/6/2024,2125.5,2150.300049,2125.5,2150.300049,2150.300049,443,Up
3/7/2024,2147,2163,2147,2158,2158,152,Up
3/8/2024,2167.300049,2194.899902,2166.300049,2178.600098,2178.600098,259,Up
3/11/2024,2181,2184,2177.199951,2182.5,2182.5,738,Up
3/12/2024,2182.5,2182.699951,2160.399902,2160.399902,2160.399902,550,Down
3/13/2024,2162.5,2175.399902,2162.5,2175.399902,2175.399902,20,Up
3/14/2024,2163,2163,2162.300049,2163,2163,515,Down
3/15/2024,2161.699951,2161.699951,2157.300049,2157.300049,2157.300049,100,Down
3/18/2024,2146.199951,2160.699951,2146.199951,2160.699951,2160.699951,21,Up
3/19/2024,2156.100098,2156.300049,2156.100098,2156.300049,2156.300049,12,Down
3/20/2024,2157.300049,2185.899902,2150.899902,2157.899902,2157.899902,17,Up
3/21/2024,2207,2211.600098,2182.399902,2182.399902,2182.399902,63,Up
3/22/2024,2179.199951,2179.600098,2157.5,2158.100098,2158.100098,19,Down
3/25/2024,2166.199951,2179.399902,2166.199951,2174.800049,2174.800049,79,Up
3/26/2024,2182.699951,2182.699951,2175.600098,2175.600098,2175.600098,202373,Up
3/27/2024,2179.399902,2196.199951,2172.100098,2190.600098,2190.600098,31200,Up
3/28/2024,2193.600098,2234.100098,2187.100098,2217.399902,2217.399902,2040,Up
4/1/2024,2235.699951,2264.199951,2230,2236.5,2236.5,400,Up
4/2/2024,2252,2279.199951,2247.600098,2261,2261,435,Up
4/3/2024,2281.699951,2298.800049,2267.899902,2294.399902,2294.399902,285,Up
4/4/2024,2301.699951,2302.899902,2280,2288.800049,2288.800049,251,Down
4/5/2024,2289.199951,2328.399902,2267.399902,2325.699951,2325.699951,344,Up
4/8/2024,2325.600098,2341.800049,2319,2331.699951,2331.699951,202,Up
4/9/2024,2337.800049,2364.699951,2337.800049,2343.5,2343.5,211,Up
4/10/2024,2346.600098,2358.100098,2327.699951,2329.600098,2329.600098,377,Down
4/11/2024,2341.5,2376.300049,2330.600098,2354.800049,2354.800049,283,Up
4/12/2024,2377.300049,2429,2334.300049,2356.199951,2356.199951,584,Up
4/15/2024,2362.100098,2384.699951,2326,2365.800049,2365.800049,1801,Up
4/16/2024,2384,2390.800049,2371.399902,2390.800049,2390.800049,41,Up
4/17/2024,2384.199951,2391.399902,2369.300049,2371.699951,2371.699951,37,Down
4/18/2024,2368.399902,2384.399902,2368.399902,2382.300049,2382.300049,128,Up
4/19/2024,2379.300049,2399.800049,2377.300049,2398.399902,2398.399902,160,Up
4/22/2024,2383.300049,2383.300049,2326.899902,2332.199951,2332.199951,53,Down
4/23/2024,2327.699951,2330.800049,2294.199951,2327.699951,2327.699951,171,Down
4/24/2024,2321.300049,2328.699951,2314.600098,2324.5,2324.5,95,Down
4/25/2024,2315,2329.800049,2305,2329.800049,2329.800049,1024,Up
4/26/2024,2347.899902,2347.899902,2332.800049,2334.800049,2334.800049,717,Up
4/29/2024,2334.800049,2345.5,2327.899902,2345.399902,2345.399902,405,Up
4/30/2024,2322.5,2322.5,2291.399902,2291.399902,2291.399902,113,Down
5/1/2024,2287.699951,2327.300049,2283.800049,2299.899902,2299.899902,42,Up
5/2/2024,2321.699951,2324.699951,2292.300049,2299.199951,2299.199951,56,Down
5/3/2024,2300,2301,2277.600098,2299,2299,194,Down
5/6/2024,2322.800049,2325.5,2314.199951,2321.600098,2321.600098,9,Up
5/7/2024,2324.300049,2324.300049,2315.199951,2315.199951,2315.199951,25,Down
5/8/2024,2313.600098,2313.600098,2313.600098,2313.600098,2313.600098,4,Down
5/9/2024,2310.699951,2339.5,2310.699951,2332.100098,2332.100098,5,Up
5/10/2024,2367.300049,2367.300049,2367.300049,2367.300049,2367.300049,126,Up
5/13/2024,2358.300049,2358.300049,2336.100098,2336.100098,2336.100098,14,Down
5/14/2024,2336,2358,2336,2353.399902,2353.399902,6,Up
5/15/2024,2361.600098,2388.699951,2356,2388.699951,2388.699951,29,Up
5/16/2024,2389.5,2392.199951,2380,2380,2380,7,Down
5/17/2024,2380.699951,2415.800049,2380.699951,2412.199951,2412.199951,213,Up
5/20/2024,2415.800049,2435.800049,2409.699951,2433.899902,2433.899902,40,Up
5/21/2024,2429.5,2429.5,2421,2421.699951,2421.699951,6,Down
5/22/2024,2417.5,2417.600098,2375.800049,2389.199951,2389.199951,180,Down
5/23/2024,2371.199951,2371.199951,2335,2335,2335,365,Down
5/24/2024,2342.600098,2345.399902,2332.5,2332.5,2332.5,25,Down
5/28/2024,2336.899902,2359.699951,2336.899902,2355.199951,2355.199951,26,Up
5/29/2024,2340.300049,2340.300049,2340.300049,2340.300049,2340.300049,119317,Down
5/30/2024,2336.899902,2349.5,2320.800049,2342.899902,2342.899902,32587,Up
5/31/2024,2344.100098,2354,2319,2322.899902,2322.899902,941,Down
6/3/2024,2322.600098,2347.5,2312,2346.600098,2346.600098,781,Up
6/4/2024,2347.5,2347.699951,2313.899902,2325.5,2325.5,890,Down
6/5/2024,2326.399902,2354.300049,2326.199951,2354.100098,2354.100098,295,Up
6/6/2024,2355,2375.800049,2355,2370.300049,2370.300049,179,Up
6/7/2024,2379.899902,2385.100098,2285.399902,2305.199951,2305.199951,269,Down
6/10/2024,2290.600098,2309.300049,2290.5,2307.699951,2307.699951,69,Up
6/11/2024,2300,2314.100098,2300,2307.5,2307.5,871,Down
6/12/2024,2314.899902,2338.699951,2310.300049,2336,2336,132,Up
6/13/2024,2309.399902,2317.699951,2296.199951,2300.199951,2300.199951,298,Down
6/14/2024,2307,2331.399902,2305.800049,2331.399902,2331.399902,948,Up
6/17/2024,2320.199951,2320.199951,2309.600098,2312.399902,2312.399902,110,Down
6/18/2024,2311.800049,2330.399902,2311.800049,2330.399902,2330.399902,43,Up
6/20/2024,2328.899902,2354,2328.300049,2353.800049,2353.800049,183,Up
6/21/2024,2331.199951,2331.199951,2316.399902,2316.399902,2316.399902,76,Down
6/24/2024,2323.300049,2332.899902,2322.699951,2330,2330,99,Up
6/25/2024,2324.399902,2333,2316.600098,2316.600098,2316.600098,105,Down
6/26/2024,2307.899902,2314.399902,2298,2299.199951,2299.199951,986,Down
6/27/2024,2296.800049,2329,2295,2324.5,2324.5,1532,Up
6/28/2024,2325.399902,2338.300049,2319,2327.699951,2327.699951,92,Up
7/1/2024,2323.800049,2329.699951,2321.699951,2327.600098,2327.600098,237,Down
7/2/2024,2330.699951,2334.600098,2323,2323,2323,30,Down
7/3/2024,2330.899902,2361.600098,2330.899902,2359.800049,2359.800049,59,Up
7/5/2024,2354.899902,2388.5,2354.899902,2388.5,2388.5,72,Up
7/8/2024,2381.699951,2383.800049,2352.800049,2355.199951,2355.199951,64,Down
7/9/2024,2363.100098,2363.699951,2360.100098,2360.100098,2360.100098,9,Up
7/10/2024,2366.300049,2377,2365.800049,2372.199951,2372.199951,19,Up
7/11/2024,2378.699951,2416.699951,2378.699951,2415,2415,72,Up
7/12/2024,2399.800049,2414,2391.300049,2414,2414,355,Down
7/15/2024,2430,2436,2422.899902,2422.899902,2422.899902,540,Up
7/16/2024,2427.399902,2462.399902,2427.399902,2462.399902,2462.399902,93,Up
7/17/2024,2472.899902,2473.100098,2454.800049,2454.800049,2454.800049,10,Down
7/18/2024,2466,2466,2451.800049,2451.800049,2451.800049,2,Down
7/19/2024,2418.800049,2419.199951,2395.5,2395.5,2395.5,15,Down
7/22/2024,2402.100098,2402.100098,2392,2392,2392,18,Down
7/23/2024,2395.800049,2404.600098,2388.699951,2404.600098,2404.600098,41,Up
7/24/2024,2421,2421,2411.600098,2413.300049,2413.300049,6,Up
7/25/2024,2365.5,2365.5,2351.899902,2351.899902,2351.899902,31,Down
7/26/2024,2368.699951,2386.899902,2368.699951,2380,2380,95,Up
7/29/2024,2377.300049,2377.300049,2377.300049,2377.300049,2377.300049,126409,Down
7/30/2024,2380.899902,2409.300049,2373.800049,2405,2405,25944,Up
7/31/2024,2407.100098,2447.600098,2402.800049,2426.5,2426.5,1313,Up
8/1/2024,2446.699951,2455.100098,2430.399902,2435,2435,690,Up
8/2/2024,2444,2477,2416,2425.699951,2425.699951,550,Down
8/5/2024,2442,2449.800049,2367.399902,2401.699951,2401.699951,334,Down
8/6/2024,2414.5,2421.800049,2380,2389.100098,2389.100098,163,Down
8/7/2024,2392.199951,2401,2384.5,2390.5,2390.5,130,Up
8/8/2024,2384.300049,2422.800049,2384.300049,2422.199951,2422.199951,201,Up
8/9/2024,2422.300049,2432.100098,2418.5,2432.100098,2432.100098,611,Up
8/12/2024,2432.699951,2469.800049,2432,2462.399902,2462.399902,566,Up
8/13/2024,2461,2470,2456.5,2466.699951,2466.699951,510,Up
8/14/2024,2468,2472.100098,2439.399902,2439.399902,2439.399902,274,Down
8/15/2024,2451.800049,2467.699951,2431.199951,2453.100098,2453.100098,285,Up
8/16/2024,2453.5,2508,2451.399902,2498.600098,2498.600098,197,Up
8/19/2024,2508.5,2508.5,2487.199951,2501.800049,2501.800049,88,Up
8/20/2024,2503.5,2527.300049,2500.699951,2511.300049,2511.300049,187,Up
8/21/2024,2511,2515.399902,2503.899902,2508.399902,2508.399902,96,Down
8/22/2024,2504.100098,2504.100098,2471.100098,2478.899902,2478.899902,210,Down
8/23/2024,2486.5,2508.399902,2486.5,2508.399902,2508.399902,94,Up
8/26/2024,2509.899902,2523.100098,2509.100098,2517.699951,2517.699951,290,Up
8/27/2024,2515.199951,2523.100098,2506.899902,2516,2516,100,Down
8/28/2024,2501,2501,2501,2501,2501,2353,Down
8/29/2024,2504.100098,2525.699951,2503.899902,2525.699951,2525.699951,3966,Up
8/30/2024,2519.5,2525.399902,2493.800049,2493.800049,2493.800049,208,Down
9/3/2024,2501.600098,2501.800049,2476.300049,2489.899902,2489.899902,206,Down
9/4/2024,2490.899902,2493.399902,2483.5,2493.399902,2493.399902,470,Up
9/5/2024,2493.699951,2513.300049,2493.399902,2511.399902,2511.399902,54,Up
9/6/2024,2510.300049,2517.899902,2483.699951,2493.5,2493.5,96,Down
9/9/2024,2491.300049,2504.699951,2491.300049,2501.800049,2501.800049,96,Up
9/10/2024,2512.300049,2512.300049,2512.300049,2512.300049,2512.300049,5,Up
9/11/2024,2525.800049,2525.800049,2502.300049,2512.100098,2512.100098,90,Down
9/12/2024,2529.100098,2557,2523.399902,2551.199951,2551.199951,132,Up
9/13/2024,2568.800049,2581.800049,2565,2581.300049,2581.300049,31,Up
9/16/2024,2580.399902,2580.399902,2580.399902,2580.399902,2580.399902,28,Down
9/17/2024,2581.199951,2581.800049,2564.300049,2564.300049,2564.300049,22,Down
9/18/2024,2570.699951,2570.699951,2549.199951,2570.699951,2570.699951,25,Up
9/19/2024,2566,2588,2566,2588,2588,99,Up
9/20/2024,2590.399902,2621.800049,2590.399902,2619.899902,2619.899902,17,Up
9/23/2024,2626.5,2626.5,2626.5,2626.5,2626.5,9,Up
9/24/2024,2636.800049,2662.300049,2625.5,2651.199951,2651.199951,35,Up
9/25/2024,2656.300049,2664.199951,2649.300049,2659.199951,2659.199951,175,Up
9/26/2024,2662.300049,2669.899902,2660.800049,2669.899902,2669.899902,17216,Up
9/27/2024,2670,2672.100098,2641.699951,2644.300049,2644.300049,4228,Down
9/30/2024,2660.899902,2662.100098,2623.199951,2636.100098,2636.100098,973,Down
10/1/2024,2631.399902,2670.899902,2631.399902,2667.300049,2667.300049,153,Up
10/2/2024,2650.600098,2657.199951,2640,2647.100098,2647.100098,72,Down
10/3/2024,2642.800049,2657.100098,2640,2657.100098,2657.100098,354,Up
10/4/2024,2656,2667,2639,2645.800049,2645.800049,114,Down
10/7/2024,2648.699951,2657.399902,2639,2644.800049,2644.800049,284,Down
10/8/2024,2639,2639,2609.300049,2615,2615,687,Down
10/9/2024,2603,2607.699951,2603,2606,2606,152,Down
10/10/2024,2602.5,2628.300049,2602.5,2620.600098,2620.600098,320,Up
10/11/2024,2638.300049,2658.100098,2638.199951,2657.600098,2657.600098,12,Up
10/14/2024,2655,2655.300049,2647.800049,2647.800049,2647.800049,40,Down
10/15/2024,2661.399902,2661.399902,2661.399902,2661.399902,2661.399902,39,Up
10/16/2024,2674,2674,2674,2674,2674,6,Up
10/17/2024,2677.399902,2691.699951,2677.199951,2691,2691,30,Up
10/18/2024,2713.699951,2719.600098,2713.699951,2713.699951,2713.699951,29,Up
10/21/2024,2721.899902,2738.399902,2719.5,2723.100098,2723.100098,52,Up
10/22/2024,2731.699951,2746,2728.600098,2744.199951,2744.199951,93,Up
10/23/2024,2742.5,2742.5,2714.199951,2714.399902,2714.399902,18,Down
10/24/2024,2729,2736.100098,2729,2734.899902,2734.899902,27,Up
10/25/2024,2725.5,2742.399902,2725.5,2740.899902,2740.899902,29,Up
10/28/2024,2736.100098,2742.899902,2729.5,2742.899902,2742.899902,56,Up
10/29/2024,2768.399902,2768.399902,2768.399902,2768.399902,2768.399902,848,Up
10/30/2024,2774.600098,2789,2774.600098,2788.5,2788.5,231,Up
10/31/2024,2787.399902,2787.5,2733.5,2738.300049,2738.300049,849,Down
11/1/2024,2745.5,2756,2734.199951,2738.600098,2738.600098,109,Up
11/4/2024,2736.5,2737.100098,2736.100098,2736.100098,2736.100098,16,Down
11/5/2024,2743,2743.899902,2740.300049,2740.300049,2740.300049,23,Up
11/6/2024,2734.5,2734.5,2659.399902,2667.600098,2667.600098,427,Down
11/7/2024,2662.5,2699.100098,2662.5,2698.399902,2698.399902,676,Up
11/8/2024,2688.5,2694.600098,2682.899902,2687.5,2687.5,1038,Down
11/11/2024,2671.699951,2671.699951,2611.199951,2611.199951,2611.199951,20,Down
11/12/2024,2605.5,2605.5,2592.800049,2600,2600,118,Down
11/13/2024,2611.100098,2611.800049,2580.800049,2580.800049,2580.800049,53,Down
11/14/2024,2555.100098,2576.199951,2554.199951,2568.199951,2568.199951,27,Down
11/15/2024,2565.699951,2565.699951,2565.699951,2565.699951,2565.699951,20,Down
11/18/2024,2591.699951,2610.699951,2589.399902,2610.600098,2610.600098,136,Up
11/19/2024,2621.899902,2627.699951,2619.300049,2627.100098,2627.100098,87,Up
11/20/2024,2638.5,2648.199951,2638.5,2648.199951,2648.199951,27,Up
11/21/2024,2659.300049,2672.100098,2655.699951,2672.100098,2672.100098,33,Up
11/22/2024,2687.5,2710.5,2685.600098,2709.899902,2709.899902,41,Up
11/25/2024,2689.399902,2689.399902,2616.800049,2616.800049,2616.800049,94,Down
11/26/2024,2625.600098,2625.600098,2620.300049,2620.300049,2620.300049,177858,Up
11/27/2024,2633.5,2657.899902,2627.199951,2639.899902,2639.899902,61653,Up
11/29/2024,2636.399902,2664.300049,2620.699951,2657,2657,3861,Up
12/2/2024,2649,2649.800049,2621.699951,2634.899902,2634.899902,695,Down
12/3/2024,2639,2654.699951,2636,2644.699951,2644.699951,1062,Up
12/4/2024,2639.199951,2658.300049,2637,2653.800049,2653.800049,249,Up
12/5/2024,2652.399902,2655,2625.699951,2626.600098,2626.600098,573,Down
12/6/2024,2620.199951,2643.100098,2617.5,2638.600098,2638.600098,571,Up
12/9/2024,2632.100098,2677.100098,2630.800049,2664.899902,2664.899902,935,Up
12/10/2024,2662.300049,2698.199951,2661,2697.600098,2697.600098,437,Up
12/11/2024,2701.800049,2733.800049,2693.100098,2733.800049,2733.800049,3387,Up
12/12/2024,2725.100098,2725.100098,2677.399902,2687.5,2687.5,2365,Down
12/13/2024,2688.199951,2689.300049,2647.899902,2656,2656,1125,Down
12/16/2024,2658.300049,2663.300049,2651,2651.399902,2651.399902,1125,Down
