[
    {
        "name": "ezyang/htmlpurifier",
        "version": "v4.14.0",
        "version_normalized": "4.14.0.0",
        "source": {
            "type": "git",
            "url": "https://github.com/ezyang/htmlpurifier.git",
            "reference": "12ab42bd6e742c70c0a52f7b82477fcd44e64b75"
        },
        "dist": {
            "type": "zip",
            "url": "https://api.github.com/repos/ezyang/htmlpurifier/zipball/12ab42bd6e742c70c0a52f7b82477fcd44e64b75",
            "reference": "12ab42bd6e742c70c0a52f7b82477fcd44e64b75",
            "shasum": ""
        },
        "require": {
            "php": ">=5.2"
        },
        "time": "2021-12-25T01:21:49+00:00",
        "type": "library",
        "installation-source": "dist",
        "autoload": {
            "psr-0": {
                "HTMLPurifier": "library/"
            },
            "files": [
                "library/HTMLPurifier.composer.php"
            ],
            "exclude-from-classmap": [
                "/library/HTMLPurifier/Language/"
            ]
        },
        "notification-url": "https://packagist.org/downloads/",
        "license": [
            "LGPL-2.1-or-later"
        ],
        "authors": [
            {
                "name": "Edward Z. Yang",
                "email": "admin@htmlpurifier.org",
                "homepage": "http://ezyang.com"
            }
        ],
        "description": "Standards compliant HTML filter written in PHP",
        "homepage": "http://htmlpurifier.org/",
        "keywords": [
            "html"
        ]
    },
    {
        "name": "maennchen/zipstream-php",
        "version": "2.1.0",
        "version_normalized": "2.1.0.0",
        "source": {
            "type": "git",
            "url": "https://github.com/maennchen/ZipStream-PHP.git",
            "reference": "c4c5803cc1f93df3d2448478ef79394a5981cc58"
        },
        "dist": {
            "type": "zip",
            "url": "https://api.github.com/repos/maennchen/ZipStream-PHP/zipball/c4c5803cc1f93df3d2448478ef79394a5981cc58",
            "reference": "c4c5803cc1f93df3d2448478ef79394a5981cc58",
            "shasum": ""
        },
        "require": {
            "myclabs/php-enum": "^1.5",
            "php": ">= 7.1",
            "psr/http-message": "^1.0",
            "symfony/polyfill-mbstring": "^1.0"
        },
        "require-dev": {
            "ext-zip": "*",
            "guzzlehttp/guzzle": ">= 6.3",
            "mikey179/vfsstream": "^1.6",
            "phpunit/phpunit": ">= 7.5"
        },
        "time": "2020-05-30T13:11:16+00:00",
        "type": "library",
        "installation-source": "dist",
        "autoload": {
            "psr-4": {
                "ZipStream\\": "src/"
            }
        },
        "notification-url": "https://packagist.org/downloads/",
        "license": [
            "MIT"
        ],
        "authors": [
            {
                "name": "Paul Duncan",
                "email": "pabs@pablotron.org"
            },
            {
                "name": "Jonatan Männchen",
                "email": "jonatan@maennchen.ch"
            },
            {
                "name": "Jesse Donat",
                "email": "donatj@gmail.com"
            },
            {
                "name": "András Kolesár",
                "email": "kolesar@kolesar.hu"
            }
        ],
        "description": "ZipStream is a library for dynamically streaming dynamic zip files from PHP without writing to the disk at all on the server.",
        "keywords": [
            "stream",
            "zip"
        ]
    },
    {
        "name": "markbaker/complex",
        "version": "3.0.1",
        "version_normalized": "3.0.1.0",
        "source": {
            "type": "git",
            "url": "https://github.com/MarkBaker/PHPComplex.git",
            "reference": "ab8bc271e404909db09ff2d5ffa1e538085c0f22"
        },
        "dist": {
            "type": "zip",
            "url": "https://api.github.com/repos/MarkBaker/PHPComplex/zipball/ab8bc271e404909db09ff2d5ffa1e538085c0f22",
            "reference": "ab8bc271e404909db09ff2d5ffa1e538085c0f22",
            "shasum": ""
        },
        "require": {
            "php": "^7.2 || ^8.0"
        },
        "require-dev": {
            "dealerdirect/phpcodesniffer-composer-installer": "^0.7.0",
            "phpcompatibility/php-compatibility": "^9.0",
            "phpunit/phpunit": "^7.0 || ^8.0 || ^9.3",
            "squizlabs/php_codesniffer": "^3.4"
        },
        "time": "2021-06-29T15:32:53+00:00",
        "type": "library",
        "installation-source": "dist",
        "autoload": {
            "psr-4": {
                "Complex\\": "classes/src/"
            }
        },
        "notification-url": "https://packagist.org/downloads/",
        "license": [
            "MIT"
        ],
        "authors": [
            {
                "name": "Mark Baker",
                "email": "mark@lange.demon.co.uk"
            }
        ],
        "description": "PHP Class for working with complex numbers",
        "homepage": "https://github.com/MarkBaker/PHPComplex",
        "keywords": [
            "complex",
            "mathematics"
        ]
    },
    {
        "name": "markbaker/matrix",
        "version": "3.0.0",
        "version_normalized": "3.0.0.0",
        "source": {
            "type": "git",
            "url": "https://github.com/MarkBaker/PHPMatrix.git",
            "reference": "c66aefcafb4f6c269510e9ac46b82619a904c576"
        },
        "dist": {
            "type": "zip",
            "url": "https://api.github.com/repos/MarkBaker/PHPMatrix/zipball/c66aefcafb4f6c269510e9ac46b82619a904c576",
            "reference": "c66aefcafb4f6c269510e9ac46b82619a904c576",
            "shasum": ""
        },
        "require": {
            "php": "^7.1 || ^8.0"
        },
        "require-dev": {
            "dealerdirect/phpcodesniffer-composer-installer": "^0.7.0",
            "phpcompatibility/php-compatibility": "^9.0",
            "phpdocumentor/phpdocumentor": "2.*",
            "phploc/phploc": "^4.0",
            "phpmd/phpmd": "2.*",
            "phpunit/phpunit": "^7.0 || ^8.0 || ^9.3",
            "sebastian/phpcpd": "^4.0",
            "squizlabs/php_codesniffer": "^3.4"
        },
        "time": "2021-07-01T19:01:15+00:00",
        "type": "library",
        "installation-source": "dist",
        "autoload": {
            "psr-4": {
                "Matrix\\": "classes/src/"
            }
        },
        "notification-url": "https://packagist.org/downloads/",
        "license": [
            "MIT"
        ],
        "authors": [
            {
                "name": "Mark Baker",
                "email": "mark@demon-angel.eu"
            }
        ],
        "description": "PHP Class for working with matrices",
        "homepage": "https://github.com/MarkBaker/PHPMatrix",
        "keywords": [
            "mathematics",
            "matrix",
            "vector"
        ]
    },
    {
        "name": "myclabs/php-enum",
        "version": "1.8.3",
        "version_normalized": "1.8.3.0",
        "source": {
            "type": "git",
            "url": "https://github.com/myclabs/php-enum.git",
            "reference": "b942d263c641ddb5190929ff840c68f78713e937"
        },
        "dist": {
            "type": "zip",
            "url": "https://api.github.com/repos/myclabs/php-enum/zipball/b942d263c641ddb5190929ff840c68f78713e937",
            "reference": "b942d263c641ddb5190929ff840c68f78713e937",
            "shasum": ""
        },
        "require": {
            "ext-json": "*",
            "php": "^7.3 || ^8.0"
        },
        "require-dev": {
            "phpunit/phpunit": "^9.5",
            "squizlabs/php_codesniffer": "1.*",
            "vimeo/psalm": "^4.6.2"
        },
        "time": "2021-07-05T08:18:36+00:00",
        "type": "library",
        "installation-source": "dist",
        "autoload": {
            "psr-4": {
                "MyCLabs\\Enum\\": "src/"
            }
        },
        "notification-url": "https://packagist.org/downloads/",
        "license": [
            "MIT"
        ],
        "authors": [
            {
                "name": "PHP Enum contributors",
                "homepage": "https://github.com/myclabs/php-enum/graphs/contributors"
            }
        ],
        "description": "PHP Enum implementation",
        "homepage": "http://github.com/myclabs/php-enum",
        "keywords": [
            "enum"
        ]
    },
    {
        "name": "phpoffice/phpspreadsheet",
        "version": "1.20.0",
        "version_normalized": "1.20.0.0",
        "source": {
            "type": "git",
            "url": "https://github.com/PHPOffice/PhpSpreadsheet.git",
            "reference": "44436f270bb134b4a94670f3d020a85dfa0a3c02"
        },
        "dist": {
            "type": "zip",
            "url": "https://api.github.com/repos/PHPOffice/PhpSpreadsheet/zipball/44436f270bb134b4a94670f3d020a85dfa0a3c02",
            "reference": "44436f270bb134b4a94670f3d020a85dfa0a3c02",
            "shasum": ""
        },
        "require": {
            "ext-ctype": "*",
            "ext-dom": "*",
            "ext-fileinfo": "*",
            "ext-gd": "*",
            "ext-iconv": "*",
            "ext-libxml": "*",
            "ext-mbstring": "*",
            "ext-simplexml": "*",
            "ext-xml": "*",
            "ext-xmlreader": "*",
            "ext-xmlwriter": "*",
            "ext-zip": "*",
            "ext-zlib": "*",
            "ezyang/htmlpurifier": "^4.13",
            "maennchen/zipstream-php": "^2.1",
            "markbaker/complex": "^3.0",
            "markbaker/matrix": "^3.0",
            "php": "^7.3 || ^8.0",
            "psr/http-client": "^1.0",
            "psr/http-factory": "^1.0",
            "psr/simple-cache": "^1.0"
        },
        "require-dev": {
            "dealerdirect/phpcodesniffer-composer-installer": "dev-master",
            "dompdf/dompdf": "^1.0",
            "friendsofphp/php-cs-fixer": "^3.2",
            "jpgraph/jpgraph": "^4.0",
            "mpdf/mpdf": "^8.0",
            "phpcompatibility/php-compatibility": "^9.3",
            "phpstan/phpstan": "^1.1",
            "phpstan/phpstan-phpunit": "^1.0",
            "phpunit/phpunit": "^8.5 || ^9.0",
            "squizlabs/php_codesniffer": "^3.6",
            "tecnickcom/tcpdf": "^6.4"
        },
        "suggest": {
            "dompdf/dompdf": "Option for rendering PDF with PDF Writer (doesn't yet support PHP8)",
            "jpgraph/jpgraph": "Option for rendering charts, or including charts with PDF or HTML Writers",
            "mpdf/mpdf": "Option for rendering PDF with PDF Writer",
            "tecnickcom/tcpdf": "Option for rendering PDF with PDF Writer (doesn't yet support PHP8)"
        },
        "time": "2021-11-23T15:23:42+00:00",
        "type": "library",
        "installation-source": "dist",
        "autoload": {
            "psr-4": {
                "PhpOffice\\PhpSpreadsheet\\": "src/PhpSpreadsheet"
            }
        },
        "notification-url": "https://packagist.org/downloads/",
        "license": [
            "MIT"
        ],
        "authors": [
            {
                "name": "Maarten Balliauw",
                "homepage": "https://blog.maartenballiauw.be"
            },
            {
                "name": "Mark Baker",
                "homepage": "https://markbakeruk.net"
            },
            {
                "name": "Franck Lefevre",
                "homepage": "https://rootslabs.net"
            },
            {
                "name": "Erik Tilt"
            },
            {
                "name": "Adrien Crivelli"
            }
        ],
        "description": "PHPSpreadsheet - Read, Create and Write Spreadsheet documents in PHP - Spreadsheet engine",
        "homepage": "https://github.com/PHPOffice/PhpSpreadsheet",
        "keywords": [
            "OpenXML",
            "excel",
            "gnumeric",
            "ods",
            "php",
            "spreadsheet",
            "xls",
            "xlsx"
        ]
    },
    {
        "name": "psr/http-client",
        "version": "1.0.1",
        "version_normalized": "1.0.1.0",
        "source": {
            "type": "git",
            "url": "https://github.com/php-fig/http-client.git",
            "reference": "2dfb5f6c5eff0e91e20e913f8c5452ed95b86621"
        },
        "dist": {
            "type": "zip",
            "url": "https://api.github.com/repos/php-fig/http-client/zipball/2dfb5f6c5eff0e91e20e913f8c5452ed95b86621",
            "reference": "2dfb5f6c5eff0e91e20e913f8c5452ed95b86621",
            "shasum": ""
        },
        "require": {
            "php": "^7.0 || ^8.0",
            "psr/http-message": "^1.0"
        },
        "time": "2020-06-29T06:28:15+00:00",
        "type": "library",
        "extra": {
            "branch-alias": {
                "dev-master": "1.0.x-dev"
            }
        },
        "installation-source": "dist",
        "autoload": {
            "psr-4": {
                "Psr\\Http\\Client\\": "src/"
            }
        },
        "notification-url": "https://packagist.org/downloads/",
        "license": [
            "MIT"
        ],
        "authors": [
            {
                "name": "PHP-FIG",
                "homepage": "http://www.php-fig.org/"
            }
        ],
        "description": "Common interface for HTTP clients",
        "homepage": "https://github.com/php-fig/http-client",
        "keywords": [
            "http",
            "http-client",
            "psr",
            "psr-18"
        ]
    },
    {
        "name": "psr/http-factory",
        "version": "1.0.1",
        "version_normalized": "1.0.1.0",
        "source": {
            "type": "git",
            "url": "https://github.com/php-fig/http-factory.git",
            "reference": "12ac7fcd07e5b077433f5f2bee95b3a771bf61be"
        },
        "dist": {
            "type": "zip",
            "url": "https://api.github.com/repos/php-fig/http-factory/zipball/12ac7fcd07e5b077433f5f2bee95b3a771bf61be",
            "reference": "12ac7fcd07e5b077433f5f2bee95b3a771bf61be",
            "shasum": ""
        },
        "require": {
            "php": ">=7.0.0",
            "psr/http-message": "^1.0"
        },
        "time": "2019-04-30T12:38:16+00:00",
        "type": "library",
        "extra": {
            "branch-alias": {
                "dev-master": "1.0.x-dev"
            }
        },
        "installation-source": "dist",
        "autoload": {
            "psr-4": {
                "Psr\\Http\\Message\\": "src/"
            }
        },
        "notification-url": "https://packagist.org/downloads/",
        "license": [
            "MIT"
        ],
        "authors": [
            {
                "name": "PHP-FIG",
                "homepage": "http://www.php-fig.org/"
            }
        ],
        "description": "Common interfaces for PSR-7 HTTP message factories",
        "keywords": [
            "factory",
            "http",
            "message",
            "psr",
            "psr-17",
            "psr-7",
            "request",
            "response"
        ]
    },
    {
        "name": "psr/http-message",
        "version": "1.0.1",
        "version_normalized": "1.0.1.0",
        "source": {
            "type": "git",
            "url": "https://github.com/php-fig/http-message.git",
            "reference": "f6561bf28d520154e4b0ec72be95418abe6d9363"
        },
        "dist": {
            "type": "zip",
            "url": "https://api.github.com/repos/php-fig/http-message/zipball/f6561bf28d520154e4b0ec72be95418abe6d9363",
            "reference": "f6561bf28d520154e4b0ec72be95418abe6d9363",
            "shasum": ""
        },
        "require": {
            "php": ">=5.3.0"
        },
        "time": "2016-08-06T14:39:51+00:00",
        "type": "library",
        "extra": {
            "branch-alias": {
                "dev-master": "1.0.x-dev"
            }
        },
        "installation-source": "dist",
        "autoload": {
            "psr-4": {
                "Psr\\Http\\Message\\": "src/"
            }
        },
        "notification-url": "https://packagist.org/downloads/",
        "license": [
            "MIT"
        ],
        "authors": [
            {
                "name": "PHP-FIG",
                "homepage": "http://www.php-fig.org/"
            }
        ],
        "description": "Common interface for HTTP messages",
        "homepage": "https://github.com/php-fig/http-message",
        "keywords": [
            "http",
            "http-message",
            "psr",
            "psr-7",
            "request",
            "response"
        ]
    },
    {
        "name": "psr/simple-cache",
        "version": "1.0.1",
        "version_normalized": "1.0.1.0",
        "source": {
            "type": "git",
            "url": "https://github.com/php-fig/simple-cache.git",
            "reference": "408d5eafb83c57f6365a3ca330ff23aa4a5fa39b"
        },
        "dist": {
            "type": "zip",
            "url": "https://api.github.com/repos/php-fig/simple-cache/zipball/408d5eafb83c57f6365a3ca330ff23aa4a5fa39b",
            "reference": "408d5eafb83c57f6365a3ca330ff23aa4a5fa39b",
            "shasum": ""
        },
        "require": {
            "php": ">=5.3.0"
        },
        "time": "2017-10-23T01:57:42+00:00",
        "type": "library",
        "extra": {
            "branch-alias": {
                "dev-master": "1.0.x-dev"
            }
        },
        "installation-source": "dist",
        "autoload": {
            "psr-4": {
                "Psr\\SimpleCache\\": "src/"
            }
        },
        "notification-url": "https://packagist.org/downloads/",
        "license": [
            "MIT"
        ],
        "authors": [
            {
                "name": "PHP-FIG",
                "homepage": "http://www.php-fig.org/"
            }
        ],
        "description": "Common interfaces for simple caching",
        "keywords": [
            "cache",
            "caching",
            "psr",
            "psr-16",
            "simple-cache"
        ]
    },
    {
        "name": "symfony/polyfill-mbstring",
        "version": "v1.24.0",
        "version_normalized": "1.24.0.0",
        "source": {
            "type": "git",
            "url": "https://github.com/symfony/polyfill-mbstring.git",
            "reference": "0abb51d2f102e00a4eefcf46ba7fec406d245825"
        },
        "dist": {
            "type": "zip",
            "url": "https://api.github.com/repos/symfony/polyfill-mbstring/zipball/0abb51d2f102e00a4eefcf46ba7fec406d245825",
            "reference": "0abb51d2f102e00a4eefcf46ba7fec406d245825",
            "shasum": ""
        },
        "require": {
            "php": ">=7.1"
        },
        "provide": {
            "ext-mbstring": "*"
        },
        "suggest": {
            "ext-mbstring": "For best performance"
        },
        "time": "2021-11-30T18:21:41+00:00",
        "type": "library",
        "extra": {
            "branch-alias": {
                "dev-main": "1.23-dev"
            },
            "thanks": {
                "name": "symfony/polyfill",
                "url": "https://github.com/symfony/polyfill"
            }
        },
        "installation-source": "dist",
        "autoload": {
            "psr-4": {
                "Symfony\\Polyfill\\Mbstring\\": ""
            },
            "files": [
                "bootstrap.php"
            ]
        },
        "notification-url": "https://packagist.org/downloads/",
        "license": [
            "MIT"
        ],
        "authors": [
            {
                "name": "Nicolas Grekas",
                "email": "p@tchwork.com"
            },
            {
                "name": "Symfony Community",
                "homepage": "https://symfony.com/contributors"
            }
        ],
        "description": "Symfony polyfill for the Mbstring extension",
        "homepage": "https://symfony.com",
        "keywords": [
            "compatibility",
            "mbstring",
            "polyfill",
            "portable",
            "shim"
        ]
    }
]
